2nd Level m.cycle,J2 Instances,J1 Instances,Dun Instances,Mean J2 Onsets,Mean J1 Onsets,Mean Dun Onsets,Virtual Onset,Parts,Comment,IOI,bpm,Smoothed bpm,cpm
6.716333333,1,1,1,6.705666666,6.702999999999999,6.716333333,6.708333332999999,1.0,,,,,
9.257666666,1,0,1,9.257666666,,9.257666666,9.257666666,,,2.5493333330000016,94.14225942653528,94.14225942653528,23.53556485663382
11.759,1,0,1,11.759,,11.777666666,11.768333333000001,,,2.5106666670000006,95.59214018911413,94.8671998078247,23.898035047278533
14.239,1,1,1,14.247,14.223,14.239,14.236333333333334,,,2.4680000003333333,97.24473256385133,95.65971072650025,24.311183140962832
16.732333333,1,0,0,16.732333333,,,16.732333333,,,2.4959999996666653,96.15384616668726,96.33023963988425,24.038461541671815
19.305666666,1,0,1,19.303,,19.305666666,19.304333333000002,,,2.5720000000000027,93.31259720062198,95.57039197705353,23.328149300155495
21.895,1,0,0,21.895,,,21.895,,,2.590666666999997,92.64024702873914,94.03556346534947,23.160061757184785
24.476333333,1,0,1,24.479,,24.476333333,24.4776666665,,,2.5826666664999998,92.92720702716362,92.96001708550824,23.231801756790905
26.897666666,1,0,1,26.897666666,,26.897666666,26.897666666,,,2.4199999995,99.17355373949867,94.9136692651338,24.793388434874668
29.401666666,1,1,1,29.399,29.377666666,29.401666666,29.392777777333333,,,2.4951111113333333,96.18810116706554,96.09628731124262,24.047025291766385
31.884333333,1,1,1,31.884333333,31.873666666,31.865666666,31.874555555,,,2.481777777666668,96.70487106450142,97.35550865702187,24.176217766125355
34.348333333,1,1,1,34.361666666,34.335,34.348333333,34.348333333,,,2.4737777779999988,97.01760689031467,96.63685970729387,24.254401722578667
36.767,1,0,1,36.767,,36.772333333,36.7696666665,,,2.4213333335000016,99.11894272445485,97.61380689309031,24.779735681113713
39.249666666,1,0,1,39.249666666,,39.268333333,39.258999999500006,,,2.4893333330000047,96.41135512806775,97.51596824761243,24.10283878201694
41.732333333,1,0,1,41.719,,41.732333333,41.725666666500004,,,2.4666666669999984,97.29729728414908,97.60919837889055,24.32432432103727
44.177666666,1,1,1,44.177666666,44.159,44.177666666,44.171444444,,,2.4457777774999983,98.12829366914966,97.27898202712215,24.532073417287414
46.633666666,1,0,1,46.636333333,,46.633666666,46.6349999995,,,2.463555555500001,97.42016958545504,97.61525351291793,24.35504239636376
49.065666666,1,0,1,49.065666666,,49.071,49.068333333,,,2.433333333499995,98.63013697954608,98.0595334113836,24.65753424488652
51.484333333,1,0,1,51.484333333,,51.487,51.4856666665,,,2.417333333500004,99.2829564189682,98.44442099465643,24.82073910474205
53.884333333,1,1,1,53.881666666,53.863,53.884333333,53.876333333,,,2.390666666499996,100.39040714587233,99.43450018146221,25.097601786468083
56.236333333,1,0,1,56.225666666,,56.236333333,56.2309999995,,,2.354666666500002,101.92525482035137,100.53287279506397,25.481313705087842
58.617666666,1,0,1,58.631,,58.617666666,58.624333332999996,,,2.3933333334999958,100.27855152505042,100.8647378304247,25.069637881262604
61.076333333,1,0,1,61.076333333,,61.076333333,61.076333333,,,2.4520000000000053,97.87928221859686,100.02769618799954,24.469820554649214
63.527,1,0,1,63.527,,63.553666666,63.540333333,,,2.4639999999999986,97.40259740259745,98.5201437154149,24.350649350649363
65.972333333,1,1,1,65.972333333,65.983,65.985666666,65.98033333299999,,,2.4399999999999906,98.3606557377053,97.88084511963321,24.590163934426325
68.43900000000001,1,1,1,68.420333333,68.409666666,68.43900000000001,68.42299999966667,,,2.442666666666682,98.25327510916969,98.00550941649082,24.563318777292423
70.833666666,1,1,1,70.833666666,70.847,70.833666666,70.83811111066666,,,2.4151111109999874,99.37430990519809,98.6627469173577,24.843577476299522
73.220333333,1,0,1,73.220333333,,73.220333333,73.220333333,,,2.38222222233334,100.74626865201716,99.45795122212832,25.18656716300429
75.684333333,1,1,1,75.681666666,75.657666666,75.684333333,75.674555555,,,2.4542222219999985,97.79065556843456,99.30374470854993,24.44766389210864
78.143,1,1,1,78.143,78.137666666,78.169666666,78.15011111066667,,,2.4755555556666735,96.94793536369147,98.4949531947144,24.236983840922868
80.585666666,1,0,1,80.585666666,,80.588333333,80.5869999995,,,2.436888888833323,98.48623016821321,97.74160703344641,24.621557542053303
83.001666666,1,0,1,83.001666666,,83.020333333,83.0109999995,,,2.4240000000000066,99.00990099009874,98.14802217400114,24.752475247524686
85.412333333,1,1,1,85.412333333,85.388333333,85.409666666,85.403444444,,,2.3924444445000006,100.31580902609333,99.27064672813509,25.078952256523333
87.801666666,1,1,1,87.801666666,87.801666666,87.831,87.811444444,,,2.4080000000000013,99.66777408637869,99.66449470085693,24.91694352159467
90.239,1,1,1,90.228333333,90.215,90.239,90.22744444433333,,,2.4160000003333266,99.3377483306656,99.77377714771255,24.8344370826664
92.641666666,1,0,1,92.647,,92.641666666,92.644333333,,,2.4168888886666764,99.30121369063046,99.43557870255825,24.825303422657615
95.055,1,1,1,95.055,95.060333333,95.084333333,95.06655555533335,,,2.422222222333346,99.08256880279386,99.24051027469663,24.770642200698465
97.476333333,1,0,0,97.476333333,,,97.476333333,,,2.4097777776666476,99.5942456703989,99.32600938794108,24.898561417599726
99.956333333,1,0,1,99.956333333,,99.964333333,99.960333333,,,2.4839999999999947,96.6183574879229,98.43172398703855,24.154589371980727
102.444333333,1,1,1,102.439,102.425666666,102.444333333,102.436333333,,,2.475999999999999,96.93053311793219,97.71437875875132,24.232633279483046
104.873666666,1,1,1,104.873666666,104.871,104.895,104.87988888866666,,,2.443555555666663,98.21753364413358,97.25547474999622,24.554383411033395
107.316333333,1,1,1,107.316333333,107.311,107.329666666,107.31899999966667,,,2.4391111110000168,98.39650146220762,97.84818940809112,24.599125365551906
109.759,1,0,1,109.751,,109.759,109.755,,,2.4360000003333226,98.52216747420375,98.378734193515,24.63054186855094
112.116333333,1,0,1,112.116333333,,112.108333333,112.11233333300001,,,2.357333333000014,101.80995476552683,99.57620790064607,25.452488691381706
114.569666666,1,0,1,114.559,,114.569666666,114.56433333300001,,,2.451999999999998,97.87928221859714,99.40380148610923,24.469820554649285
117.023,1,0,1,117.017666666,,117.023,117.020333333,,,2.455999999999989,97.71986970684084,99.13636889698826,24.42996742671021
119.431,1,1,1,119.407,119.401666666,119.431,119.413222222,,,2.3928888890000053,100.29717681555061,98.63210958032953,25.074294203887654
121.780333333,1,0,1,121.772333333,,121.780333333,121.776333333,,,2.363111110999995,101.5610306611607,99.85935906118404,25.390257665290175
124.063,1,1,1,124.073666666,124.065666666,124.063,124.06744444399999,,,2.291111110999992,104.75266731836858,102.2036249316933,26.188166829592145
126.351,1,0,1,126.351,,126.345666666,126.348333333,,,2.2808888890000105,105.2221356145152,103.84527786468148,26.3055339036288
128.527,1,1,1,128.527,128.51899999999998,128.553666666,128.53322222199998,,,2.1848888889999785,109.84540276089177,106.6067352312585,27.461350690222943
130.689666666,1,0,0,130.689666666,,,130.689666666,,,2.156444444000016,111.29431164700955,108.78728334080552,27.823577911752388
132.985666666,0,0,1,,,132.985666666,132.985666666,,,2.2959999999999923,104.52961672473903,108.55644371088012,26.132404181184757
135.23366666599998,1,0,1,135.23366666599998,,135.252333333,135.2429999995,,,2.2573333335000143,106.32014175233836,107.38135670802899,26.58003543808459
137.56699999999998,1,0,1,137.56699999999998,,137.56699999999998,137.56699999999998,,,2.3240000004999786,103.27022372993422,104.70666073567054,25.817555932483554
139.88966666599998,1,0,1,139.86566666599998,,139.88966666599998,139.87766666599998,,,2.310666666000003,103.866128131525,104.48549787126586,25.96653203288125
142.183,1,0,1,142.183,,142.19366666599998,142.188333333,,,2.310666667000021,103.86612808657348,103.6674933160109,25.96653202164337
144.508333333,0,0,1,,,144.508333333,144.508333333,,,2.319999999999993,103.44827586206927,103.72684402672257,25.862068965517317
146.788333333,1,0,1,146.77499999999998,,146.788333333,146.78166666649997,,,2.273333333499977,105.57184749959258,104.29541714941178,26.392961874898145
149.07366666599998,1,0,1,149.063,,149.07366666599998,149.068333333,,,2.2866666665000253,104.95626822922306,104.65879719696163,26.239067057305764
151.35633333299998,1,1,1,151.343,151.33499999999998,151.35633333299998,151.34477777766665,,,2.2764444446666516,105.42756734621042,105.31856102500869,26.356891836552606
153.593666666,1,0,1,153.58566666599998,,153.593666666,153.58966666599997,,,2.244888888333321,106.90952289321716,105.76445282288354,26.72738072330429
155.855,1,0,1,155.855,,155.876333333,155.86566666649998,,,2.276000000500005,105.44815463412802,105.92841495785187,26.362038658532004
158.153666666,1,0,1,158.13766666599997,,158.153666666,158.14566666599998,,,2.2799999995000064,105.26315791782058,105.87361181505526,26.315789479455145
160.415,1,0,1,160.388333333,,160.415,160.40166666649998,,,2.256000000499995,106.38297869982671,105.6980970839251,26.595744674956677
162.65233333299997,1,0,1,162.63366666599998,,162.65233333299997,162.64299999949998,,,2.241333333,107.07911958760843,106.24175206841858,26.769779896902108
164.88966666599998,1,1,1,164.88433333299997,164.88433333299997,164.88966666599998,164.88611111066663,,,2.2431111111666553,106.99425400963513,106.81878409902343,26.748563502408782
167.12433333299998,1,0,1,167.12433333299998,,167.12433333299998,167.12433333299998,,,2.2382222223333486,107.22795869205507,107.10044409643287,26.806989673013767
169.388333333,1,1,1,169.388333333,169.361666666,169.391,169.38033333299998,,,2.2560000000000002,106.38297872340425,106.86839714169815,26.595744680851062
171.623,1,1,1,171.623,171.61499999999998,171.64966666599997,171.62922222199995,,,2.2488888889999714,106.71936758366147,106.77676833304025,26.679841895915366
173.88166666599997,1,0,1,173.88166666599997,,173.89499999999998,173.888333333,,,2.2591111110000384,106.23647452814282,106.44627361173617,26.559118632035705
176.119,1,0,1,176.119,,176.135,176.127,,,2.238666667000018,107.20667062132036,106.72083757770821,26.80166765533009
178.415,1,0,1,178.415,,178.42299999999997,178.41899999999998,,,2.291999999999973,104.71204188481798,106.05172901142707,26.178010471204495
180.727,1,0,1,180.705666666,,180.727,180.71633333300002,,,2.29733333300004,104.46894952183058,105.46255400932297,26.117237380457645
182.937666666,1,0,1,182.953666666,,182.937666666,182.94566666600002,,,2.2293333329999996,107.65550240844134,105.61216460502997,26.913875602110334
185.201666666,1,1,1,185.204333333,185.231,185.201666666,185.21233333299998,,,2.266666666999953,105.88235292560773,106.00226828529321,26.470588231401933
187.460333333,1,1,1,187.455,187.436333333,187.460333333,187.45055555533335,,,2.238222222333377,107.2279586920537,106.92193800870092,26.806989673013426
189.708333333,1,0,1,189.689666666,,189.708333333,189.69899999950002,,,2.2484444441666653,106.74046255519136,106.61692472428426,26.68511563879784
191.948333333,1,0,1,191.948333333,,191.972333333,191.960333333,,,2.2613333334999766,106.13207546387697,106.700165570374,26.533018865969243
194.244333333,1,1,1,194.244333333,194.217666666,194.255,194.23899999966667,,,2.2786666666666804,105.32475131655876,106.0657631118757,26.33118782913969
196.436333333,1,1,1,196.439,196.412333333,196.436333333,196.429222222,,,2.1902222223333183,109.57792207236389,107.0115829509332,27.394480518090973
198.593666666,1,1,1,198.593666666,198.607,198.623,198.60788888866668,,,2.178666666666686,110.1591187270492,108.35393070532395,27.5397796817623
200.871,1,0,1,200.855,,200.871,200.863,,,2.2551111113333207,106.42491130208722,108.72065070050012,26.606227825521806
203.095,1,0,1,203.095,,203.073666666,203.08433333300002,,,2.2213333330000182,108.04321730312685,108.20908244408776,27.010804325781713
205.308333333,1,0,1,205.308333333,,205.321666666,205.3149999995,,,2.2306666664999852,107.59115362429772,107.35309407650392,26.89778840607443
207.529666666,1,0,1,207.529666666,,207.540333333,207.5349999995,,,2.219999999999999,108.10810810810817,107.9141596785109,27.027027027027042
209.745666666,1,0,1,209.727,,209.745666666,209.736333333,,,2.2013333335000027,109.02483342602767,108.24136505281119,27.256208356506917
211.932333333,1,0,1,211.916333333,,211.932333333,211.924333333,,,2.187999999999988,109.68921389396769,108.94071847603452,27.422303473491922
214.052333333,1,0,1,214.052333333,,214.081666666,214.0669999995,,,2.14266666650002,112.00995644928412,110.24133458975983,28.00248911232103
216.196333333,0,1,1,,216.185666666,216.196333333,216.1909999995,,,2.1239999999999952,112.99435028248612,111.56450687524598,28.24858757062153
218.313666666,1,1,1,218.313666666,218.319,218.337666666,218.323444444,,,2.1324444444999813,112.54689453646027,112.51706708941016,28.136723634115068
220.447,1,1,1,220.436333333,220.433666666,220.447,220.43899999966666,,,2.115555555666674,113.44537814530185,112.99554098808274,28.36134453632546
222.524333333,1,0,1,222.495,,222.524333333,222.50966666649998,,,2.0706666668333185,115.90470057019523,113.96565775065244,28.976175142548808
224.591,1,1,1,224.572333333,224.596333333,224.591,224.58655555533332,,,2.076888888833338,115.55745773902065,114.96917881817257,28.889364434755162
226.612333333,1,0,1,226.612333333,,226.617666666,226.61499999950001,,,2.028444444166695,118.31726557273024,116.59314129398204,29.57931639318256
228.628333333,1,0,1,228.628333333,,228.641666666,228.6349999995,,,2.019999999999982,118.81188118811988,117.56220149995693,29.70297029702997
230.631,1,0,1,230.623,,230.631,230.627,,,1.9920000005000134,120.48192768060112,119.20369148048376,30.12048192015028
232.575,1,0,1,232.561666666,,232.575,232.568333333,,,1.9413333329999887,123.6263736476014,120.97339417210748,30.90659341190035
234.487,1,0,1,234.468333333,,234.487,234.4776666665,,,1.9093333335000011,125.69832401137403,123.26887511319217,31.424581002843507
236.356333333,1,0,1,236.337666666,,236.356333333,236.34699999949999,,,1.869333332999986,128.38801714129698,125.90423826675747,32.097004285324246
238.185666666,1,0,1,238.169666666,,238.185666666,238.177666666,,,1.830666666500008,131.09978151229913,128.39537422165674,32.77494537807478
240.015,1,0,1,239.988333333,,240.015,240.0016666665,,,1.824000000500007,131.57894733235176,130.35558199531596,32.89473683308794
241.807,1,0,1,241.788333333,,241.807,241.7976666665,,,1.7959999999999923,133.63028953229457,132.10300612564848,33.40757238307364
243.580333333,1,0,1,243.559,,243.580333333,243.56966666649998,,,1.7719999999999914,135.4401805869081,133.54980581718482,33.860045146727025
245.321666666,1,0,1,245.321666666,,245.343,245.332333333,,,1.7626666665000243,136.1573373804971,135.07593583323327,34.039334345124274
247.097666666,1,0,1,247.071,,247.097666666,247.08433333300002,,,1.7520000000000095,136.98630136986228,136.19460644575582,34.24657534246557
248.812333333,1,0,1,248.793666666,,248.812333333,248.8029999995,,,1.7186666664999848,139.64313422611093,137.5955909921568,34.91078355652773
250.492333333,1,0,1,250.492333333,,250.516333333,250.504333333,,,1.7013333335000027,141.06583070718378,139.23175543438563,35.266457676795945
252.180333333,1,0,1,252.180333333,,252.191,252.1856666665,,,1.6813333334999925,142.74385406991104,141.15093966773523,35.68596351747776
253.887,1,0,1,253.868333333,,253.887,253.8776666665,,,1.6920000000000073,141.84397163120505,141.88455213609996,35.46099290780126
255.540333333,1,0,1,255.524333333,,255.540333333,255.532333333,,,1.6546666664999918,145.04431911211236,143.21071493774284,36.26107977802809
257.156333333,1,0,1,257.156333333,,257.167,257.16166666649997,,,1.6293333334999716,147.29950898657177,144.72926657662973,36.82487724664294
258.793666666,1,0,1,258.764333333,,258.793666666,258.7789999995,,,1.6173333330000332,148.3924155293441,146.91208120934274,37.09810388233603
260.393666666,1,0,1,260.377666666,,260.393666666,260.385666666,,,1.6066666665000184,149.37759337648973,148.3565059641352,37.34439834412243
261.988333333,1,0,1,261.975,,261.988333333,261.9816666665,,,1.5960000004999984,150.37593980251395,149.3819829027826,37.59398495062849
263.583,1,0,1,263.569666666,,263.583,263.576333333,,,1.5946666664999611,150.50167225653604,150.08506847851322,37.62541806413401
265.148333333,1,0,1,265.148333333,,265.167,265.15766666649995,,,1.5813333334999697,151.77065765685677,150.8827565719689,37.94266441421419
266.748333333,1,0,1,266.737666666,,266.748333333,266.7429999995,,,1.585333333000051,151.38772080558547,151.2200169063261,37.84693020139637
268.313666666,1,0,1,268.313666666,,268.340333333,268.3269999995,,,1.5840000000000032,151.51515151515122,151.55784332586447,37.878787878787804
269.900333333,1,0,1,269.881666666,,269.900333333,269.89099999949997,,,1.5639999999999645,153.45268542199835,152.11851924757835,38.36317135549959
271.452333333,1,0,1,271.447,,271.452333333,271.4496666665,,,1.5586666670000113,153.97775873524745,152.98186522413235,38.49443968381186
272.991,1,0,1,272.991,,273.001666666,272.996333333,,,1.5466666665000162,155.17241380982298,154.20095265568958,38.793103452455746
274.543,1,0,1,274.521666666,,274.543,274.532333333,,,1.5360000000000014,156.24999999999986,155.13339084835675,39.062499999999964
276.073666666,1,0,1,276.065666666,,276.073666666,276.069666666,,,1.5373333329999923,156.11448398875066,155.8456325995245,39.028620997187666
277.620333333,1,0,1,277.593666666,,277.620333333,277.6069999995,,,1.537333333499987,156.11448393797676,156.15965597557576,39.02862098449419
279.113666666,1,0,1,279.113666666,,279.116333333,279.1149999995,,,1.5080000000000382,159.15119363394822,157.12672052022523,39.787798408487056
280.639,1,0,1,280.639,,280.665666666,280.652333333,,,1.537333333499987,156.11448393797676,157.1267205033006,39.02862098449419
282.185666666,1,0,1,282.183,,282.185666666,282.184333333,,,1.5319999999999823,156.657963446477,157.30788033946735,39.16449086161925
283.721666666,1,0,1,283.697666666,,283.721666666,283.709666666,,,1.5253333329999919,157.3426573770425,156.70503492049878,39.33566434426063
285.239,1,0,1,285.239,,285.244333333,285.2416666665,,,1.5320000005000338,156.65796339534316,156.8861947396209,39.16449084883579
286.761666666,1,0,1,286.753666666,,286.761666666,286.757666666,,,1.515999999499968,158.31134569865483,157.4373221570135,39.57783642466371
288.287,1,0,1,288.276333333,,288.287,288.2816666665,,,1.5240000004999956,157.4803149089636,157.48320800098722,39.3700787272409
289.828333333,1,0,1,289.809666666,,289.828333333,289.81899999949997,,,1.5373333329999923,156.11448398875066,157.30204819878972,39.028620997187666
291.319,1,0,1,291.319,,291.340333333,291.3296666665,,,1.5106666670000095,158.87025592257837,157.4883516067642,39.71756398064459
292.865666666,0,0,1,,,292.865666666,292.865666666,,,1.5359999995000067,156.25000005086196,157.0782466540637,39.06250001271549
294.351,1,0,1,294.351,,294.361666666,294.356333333,,,1.4906666670000277,161.00178887276047,158.70734828206693,40.25044721819012
295.860333333,1,0,0,295.860333333,,,295.860333333,,,1.504000000000019,159.57446808510434,158.9420856695756,39.893617021276086
297.409666666,1,0,1,297.396333333,,297.409666666,297.4029999995,,,1.542666666499997,155.57476233314364,158.71700643033617,38.89369058328591
298.924333333,1,0,1,298.908333333,,298.924333333,298.916333333,,,1.513333333499986,158.59030835257963,157.91317959027586,39.64757708814491
300.439,1,0,1,300.423,,300.439,300.43100000000004,,,1.5146666670000286,158.4507041904788,157.5385916254007,39.6126760476197
301.935,1,0,1,301.935,,301.959,301.947,,,1.5159999999999627,158.31134564644188,158.45078606316676,39.57783641161047
303.449666666,1,0,1,303.449666666,,303.463,303.456333333,,,1.5093333329999723,159.01060074183388,158.59088352625153,39.75265018545847
304.948333333,1,0,1,304.948333333,,304.967,304.9576666665,,,1.5013333335000425,159.8579040675068,159.05995015192752,39.9644760168767
306.463,1,0,1,306.463,,306.463,306.463,,,1.5053333335000048,159.4331266431092,159.43387715081664,39.8582816607773
307.961666666,1,0,1,307.969666666,,307.961666666,307.965666666,,,1.5026666659999819,159.71606040803923,159.6690303728851,39.92901510200981
309.479,1,0,1,309.471,,309.479,309.475,,,1.5093333340000186,159.01060063647745,159.38659589587527,39.75265015911936
310.983,1,0,1,310.983,,310.985666666,310.984333333,,,1.5093333329999723,159.01060074183388,159.24575392878353,39.75265018545847
312.479,1,0,1,312.479,,312.479,312.479,,,1.49466666699999,160.57091878667126,159.53070672166086,40.142729696667814
313.983,1,0,1,313.972333333,,313.983,313.9776666665,,,1.4986666665000143,160.1423487722563,159.9079561002538,40.035587193064075
315.468333333,1,0,1,315.468333333,,315.473666666,315.4709999995,,,1.4933333330000096,160.7142857501584,160.47585110302865,40.1785714375396
316.975,1,0,1,316.975,,316.985666666,316.980333333,,,1.509333333499967,159.01060068915868,159.95574507052444,39.75265017228967
318.457666666,1,0,1,318.457666666,,318.473666666,318.465666666,,,1.4853333330000282,161.57989231632993,160.43492625188233,40.39497307908248
319.972333333,1,0,1,319.959,,319.972333333,319.9656666665,,,1.5000000004999947,159.99999994666723,160.19683098405196,39.99999998666681
321.447,1,0,1,321.436333333,,321.447,321.4416666665,,,1.475999999999999,162.60162601626027,161.39383942641913,40.65040650406507
322.929666666,1,0,1,322.929666666,,322.927,322.928333333,,,1.486666666500014,161.4349775965719,161.34553451983314,40.35874439914298
324.399,1,0,1,324.399,,324.399,324.399,,,1.470666666999989,163.19129642720173,162.40930001334465,40.797824106800434
325.868333333,1,0,1,325.852333333,,325.868333333,325.86033333299997,,,1.4613333329999705,164.23357667980113,162.95328356785828,41.05839416995028
327.343,1,0,1,327.332333333,,327.343,327.3376666665,,,1.4773333335000416,162.45487362787733,163.29324891162673,40.61371840696933
328.809666666,1,0,1,328.804333333,,328.809666666,328.8069999995,,,1.4693333330000087,163.33938297716315,163.34261109494722,40.83484574429079
330.281666666,1,0,1,330.265666666,,330.281666666,330.273666666,,,1.4666666664999752,163.63636365496143,163.1435400866673,40.90909091374036
331.729666666,1,0,1,331.724333333,,331.729666666,331.7269999995,,,1.4533333334999838,165.1376146599631,164.03778709736255,41.284403664990776
333.161666666,1,0,1,333.161666666,,333.185666666,333.173666666,,,1.4466666664999934,165.89861753063423,164.8908652818529,41.47465438265856
334.633666666,1,0,1,334.633666666,,334.633666666,334.633666666,,,1.4600000000000364,164.3835616438315,165.13993127814294,41.09589041095788
336.095,1,0,1,336.095,,336.111,336.103,,,1.469333333999998,163.3393828659987,164.5405206801548,40.83484571649967
337.556333333,1,0,1,337.556333333,,337.577666666,337.5669999995,,,1.463999999500004,163.9344262854963,163.88579026510885,40.983606571374075
339.012333333,1,0,1,339.012333333,,339.012333333,339.012333333,,,1.4453333335000025,166.05166049745685,164.4418232163173,41.51291512436421
340.473666666,1,0,1,340.473666666,,340.476333333,340.4749999995,,,1.462666666500013,164.08386510529525,164.68998396274947,41.02096627632381
341.945666666,1,0,1,341.945666666,,341.948333333,341.9469999995,,,1.47199999999998,163.04347826087178,164.39300128787463,40.760869565217945
343.391,1,0,1,343.391,,343.393666666,343.392333333,,,1.4453333335000025,166.05166049745685,164.39300128787463,41.51291512436421
344.847,1,0,1,344.847,,344.852333333,344.84966666649996,,,1.457333333499946,164.6843549674484,164.593164575259,41.1710887418621
346.292333333,1,0,1,346.300333333,,346.292333333,346.296333333,,,1.4466666665000503,165.89861753062772,165.54487766517767,41.47465438265693
347.745666666,1,0,1,347.745666666,,347.756333333,347.7509999995,,,1.4546666664999748,164.98625116464382,165.18974122090665,41.246562791160954
349.204333333,1,0,1,349.204333333,,349.207,349.2056666665,,,1.4546666670000263,164.98625110792867,165.29037326773337,41.24656277698217
350.649666666,1,0,1,350.660333333,,350.649666666,350.6549999995,,,1.44933333299997,165.5933763030378,165.1886261918701,41.39834407575945
352.113666666,1,0,1,352.113666666,,352.105666666,352.10966666599995,,,1.4546666664999748,164.98625116464382,165.1886261918701,41.246562791160954
353.556333333,1,0,1,353.561666666,,353.556333333,353.5589999995,,,1.4493333335000216,165.59337624590447,165.391001237862,41.39834406147612
354.999,1,0,1,354.999,,354.988333333,354.9936666665,,,1.4346666670000445,167.28624531428704,165.95529090827844,41.82156132857176
356.439,1,0,1,356.449666666,,356.439,356.44433333300003,,,1.4506666665000125,165.44117648959428,166.10693268326193,41.36029412239857
357.892333333,1,0,1,357.903,,357.892333333,357.8976666665,,,1.4533333334999838,165.1376146599631,165.95501215461482,41.284403664990776
359.343,1,0,1,359.337666666,,359.343,359.340333333,,,1.4426666664999743,166.35859521330687,165.6457954542881,41.58964880332672
360.767,1,0,1,360.767,,360.775,360.77099999999996,,,1.4306666669999686,167.75396081832756,166.41672356386584,41.93849020458189
362.212333333,1,0,1,362.212333333,,362.212333333,362.212333333,,,1.4413333330000455,166.5124884751364,166.8750148355903,41.6281221187841
363.636333333,1,0,1,363.631,,363.636333333,363.63366666649995,,,1.4213333334999447,168.8555346893997,167.70732799428788,42.21388367234992
365.071,1,0,1,365.055,,365.071,365.063,,,1.4293333335000398,167.91044774161026,167.7594903020488,41.977611935402564
366.484333333,1,0,1,366.492333333,,366.484333333,366.488333333,,,1.425333333000026,168.38166514695243,168.38254919265412,42.09541628673811
367.913666666,1,0,1,367.913666666,,367.911,367.912333333,,,1.4239999999999782,168.5393258426992,168.27714624375395,42.1348314606748
369.329666666,1,0,1,369.329666666,,369.327,369.328333333,,,1.4159999999999968,169.4915254237292,168.8041721377936,42.3728813559323
370.761666666,1,0,1,370.761666666,,370.756333333,370.7589999995,,,1.4306666665000307,167.75396087694816,168.5949373811255,41.93849021923704
372.177666666,1,0,1,372.180333333,,372.177666666,372.1789999995,,,1.419999999999959,169.01408450704713,168.75319026924151,42.25352112676178
373.615,1,0,1,373.604333333,,373.615,373.6096666665,,,1.4306666670000254,167.75396081832088,168.17400206743872,41.93849020458022
375.025666666,1,0,1,375.025666666,,375.033666666,375.029666666,,,1.4199999995000212,169.01408456655173,168.59404329730657,42.25352114163793
376.441666666,1,0,1,376.441666666,,376.441666666,376.441666666,,,1.4119999999999777,169.97167138810465,168.91323892432575,42.49291784702616
377.857666666,1,0,1,377.841666666,,377.857666666,377.84966666599996,,,1.4079999999999586,170.45454545455047,169.81343380306896,42.61363636363762
379.260333333,1,0,1,379.265666666,,379.260333333,379.26299999950004,,,1.413333333500077,169.8113207346828,170.07917919244596,42.4528301836707
380.671,1,0,1,380.681666666,,380.671,380.676333333,,,1.4133333334999634,169.81132073469647,170.02572897464324,42.452830183674116
382.076333333,1,0,1,382.084333333,,382.076333333,382.080333333,,,1.4039999999999964,170.94017094017138,170.18760413651685,42.735042735042846
383.476333333,1,0,1,383.476333333,,383.479,383.4776666665,,,1.3973333335000007,171.7557251703535,170.8357389484071,42.93893129258837
384.863,1,0,1,384.887,,384.863,384.875,,,1.3973333335000007,171.7557251703535,171.4838737602928,42.93893129258837
386.268333333,1,0,1,386.268333333,,386.263,386.2656666665,,,1.3906666665000103,172.57909877427716,172.03018303832803,43.14477469356929
387.676333333,1,0,1,387.676333333,,387.679,387.6776666665,,,1.4119999999999777,169.97167138810465,171.4354984442451,42.49291784702616
389.063,1,0,1,389.068333333,,389.063,389.06566666649996,,,1.3879999999999768,172.9106628242104,171.8204776621974,43.2276657060526
390.463,1,0,1,390.463,,390.452333333,390.4576666665,,,1.3920000000000528,172.41379310344175,171.7653757719189,43.10344827586044
391.857666666,1,0,1,391.857666666,,391.852333333,391.8549999995,,,1.397333333000006,171.75572523181123,172.3600603864878,42.93893130795281
393.252333333,1,0,1,393.252333333,,393.247,393.24966666650005,,,1.394666667000024,172.0841299779884,172.0845494377471,43.0210324944971
394.647,1,0,1,394.647,,394.647,394.647,,,1.3973333334999438,171.75572517036048,171.86519346005335,42.93893129259012
396.041666666,1,0,1,396.041666666,,396.041666666,396.041666666,,,1.3946666660000346,172.08413010137437,171.97466174990777,43.02103252534359
397.420333333,1,0,1,397.439,,397.420333333,397.4296666665,,,1.3880000004999715,172.91066276192333,172.25017267788607,43.22766569048083
398.801666666,1,0,1,398.817666666,,398.801666666,398.809666666,,,1.3799999995000007,173.91304354127274,172.96927880152347,43.478260885318186
400.207,1,0,1,400.207,,400.207,400.207,,,1.3973333339999954,171.75572510889575,172.85981047069728,42.938931277223936
401.593666666,1,0,1,401.593666666,,401.593666666,401.593666666,,,1.3866666659999964,173.0769231601336,172.91523060343403,43.2692307900334
402.988333333,1,0,1,402.988333333,,402.985666666,402.9869999995,,,1.3933333334999816,172.24880380714956,172.360484025393,43.06220095178739
404.391,1,0,1,404.391,,404.391,404.391,,,1.404000000500048,170.94017087928898,172.08863261552406,42.735042719822246
405.780333333,1,0,1,405.775,,405.780333333,405.77766666649995,,,1.3866666664999343,173.07692309773378,172.08863259472412,43.269230774433446
407.172333333,1,0,1,407.167,,407.172333333,407.1696666665,,,1.3920000000000528,172.41379310344175,172.14362902682151,43.10344827586044
408.548333333,1,0,1,408.564333333,,408.548333333,408.556333333,,,1.3866666664999912,173.0769230977267,172.85587976630075,43.269230774431676
409.945666666,1,0,1,409.945666666,,409.937666666,409.941666666,,,1.3853333330000055,173.24350341030814,172.91140653715885,43.310875852577034
411.332333333,1,0,1,411.332333333,,411.313666666,411.3229999995,,,1.381333333499981,173.74517372421266,173.35520007741584,43.436293431053166
412.689666666,1,0,1,412.689666666,,412.681666666,412.685666666,,,1.3626666664999902,176.1252446399383,174.37130725815302,44.031311159984575
414.055,1,0,1,414.055,,414.044333333,414.0496666665,,,1.3640000005000275,175.95307911438317,175.27449915951138,43.98826977859579
415.423,1,0,1,415.423,,415.409666666,415.416333333,,,1.3666666665000093,175.6097561189756,175.89602662443235,43.9024390297439
416.785666666,1,0,1,416.785666666,,416.775,416.780333333,,,1.363999999999976,175.95307917888874,175.83863813741584,43.988269794722186
418.156333333,1,0,1,418.156333333,,418.148333333,418.152333333,,,1.372000000000014,174.9271137026221,175.49664966682883,43.73177842565553
419.521666666,1,0,1,419.521666666,,419.503,419.512333333,,,1.3600000000000136,176.47058823529235,175.78359370560108,44.11764705882309
420.884333333,1,0,1,420.884333333,,420.892333333,420.888333333,,,1.3759999999999764,174.4186046511658,175.27210219636012,43.60465116279145
422.249666666,1,0,1,422.244333333,,422.249666666,422.24699999949996,,,1.3586666664999711,176.64376842206505,175.8443204361744,44.16094210551626
423.623,1,0,1,423.636333333,,423.623,423.6296666665,,,1.3826666670000236,173.57762773057138,174.88000026793407,43.394406932642845
424.996333333,1,0,1,424.996333333,,424.980333333,424.988333333,,,1.358666666500028,176.64376842205766,175.62172152489802,44.160942105514415
426.348333333,1,0,1,426.375,,426.348333333,426.3616666665,,,1.3733333334999998,174.7572815321897,174.99289256160625,43.68932038304742
427.708333333,1,0,1,427.735,,427.708333333,427.7216666665,,,1.3600000000000136,176.47058823529235,175.95721272984656,44.11764705882309
429.092333333,1,0,1,429.111,,429.092333333,429.1016666665,,,1.3799999999999955,173.91304347826144,175.0469710819145,43.47826086956536
430.479,1,0,1,430.479,,430.455,430.467,,,1.3653333334999616,175.78124997854727,175.38829389736702,43.945312494636816
431.833666666,1,0,1,431.833666666,,431.823,431.828333333,,,1.3613333330000046,176.29774734972952,175.3306802688461,44.07443683743238
433.180333333,1,0,1,433.185666666,,433.180333333,433.1829999995,,,1.3546666665000089,177.1653543525044,176.41478389359372,44.2913385881261
434.553666666,1,0,1,434.553666666,,434.540333333,434.54699999950003,,,1.3640000000000327,175.9530791788814,176.4720602937051,43.98826979472035
435.924333333,1,0,1,435.924333333,,435.908333333,435.916333333,,,1.3693333334999807,175.26777018314905,176.12873457151161,43.81694254578726
437.284333333,1,0,1,437.284333333,,437.273666666,437.2789999995,,,1.3626666664999902,176.1252446399383,175.7820313339896,44.031311159984575
438.636333333,1,0,1,438.636333333,,438.631,438.63366666649995,,,1.3546666669999468,177.1653542871218,176.18612303673638,44.29133857178045
439.999,1,0,1,439.999,,439.988333333,439.9936666665,,,1.3600000000000705,176.47058823528496,176.58706238744836,44.11764705882124
441.351,1,0,1,441.351,,441.348333333,441.3496666665,,,1.3559999999999945,176.99115044247858,176.87569765496178,44.247787610619646
442.716333333,1,0,1,442.716333333,,442.700333333,442.70833333300004,,,1.358666666500028,176.64376842205766,176.7018356999404,44.160942105514415
444.060333333,1,0,1,444.068333333,,444.060333333,444.06433333300004,,,1.3559999999999945,176.99115044247858,176.87535643567162,44.247787610619646
445.407,1,0,1,445.407,,445.401666666,445.40433333299995,,,1.3399999999999181,179.10447761195124,177.57979882549583,44.77611940298781
446.745666666,1,0,1,446.748333333,,446.745666666,446.74699999949996,,,1.3426666665000084,178.7487587113629,178.28146225526424,44.68718967784073
448.092333333,1,0,1,448.092333333,,448.092333333,448.092333333,,,1.3453333335000366,178.39444992834072,178.74922875055162,44.59861248208518
449.447,1,0,1,449.452333333,,449.447,449.4496666665,,,1.3573333334999802,176.81728877986293,177.98683247318885,44.204322194965734
450.820333333,1,0,1,450.825666666,,450.820333333,450.8229999995,,,1.373333333000005,174.75728159581422,176.65634010133928,43.689320398953555
452.172333333,1,0,1,452.172333333,,452.172333333,452.172333333,,,1.3493333334999988,177.86561262625193,176.48006100064302,44.46640315656298
453.524333333,1,0,1,453.524333333,,453.519,453.5216666665,,,1.3493333334999988,177.86561262625193,176.82950228277272,44.46640315656298
454.879,1,0,1,454.873666666,,454.879,454.87633333300005,,,1.3546666665000657,177.165354352497,177.63219320166695,44.29133858812425
456.220333333,1,0,1,456.225666666,,456.220333333,456.22299999949996,,,1.3466666664999138,178.21782180424628,177.7495962609984,44.55445545106157
457.564333333,1,0,1,457.564333333,,457.559,457.5616666665,,,1.3386666670000409,179.28286848124878,178.2220148793307,44.820717120312196
458.905666666,1,0,1,458.913666666,,458.905666666,458.909666666,,,1.3479999995000185,178.04154309274293,178.514077792746,44.51038577318573
460.257666666,1,0,1,460.271,,460.257666666,460.26433333299997,,,1.3546666669999468,177.1653542871218,178.16325528703783,44.29133857178045
461.615,1,0,1,461.625666666,,461.615,461.62033333299996,,,1.3559999999999945,176.99115044247858,177.39934927411443,44.247787610619646
462.948333333,1,0,1,462.969666666,,462.948333333,462.9589999995,,,1.3386666665000462,179.2828685482113,177.81312442593722,44.820717137052824
464.311,1,0,1,464.297666666,,464.311,464.304333333,,,1.3453333334999797,178.39444992834828,178.2228229730127,44.59861248208707
465.647,1,0,1,465.647,,465.636333333,465.6416666665,,,1.3373333334999984,179.461615132171,179.04631120291023,44.86540378304275
466.988333333,1,0,1,466.996333333,,466.988333333,466.99233333300003,,,1.3506666665000466,177.690029636925,178.51536489914807,44.42250740923125
468.348333333,1,0,1,468.348333333,,468.335,468.34166666650003,,,1.3493333334999988,177.86561262625193,178.33908579844933,44.46640315656298
469.689666666,1,0,1,469.711,,469.689666666,469.700333333,,,1.3586666664999711,176.64376842206505,177.39980356174735,44.16094210551626
471.073666666,1,0,1,471.084333333,,471.073666666,471.0789999995,,,1.3786666665000098,174.08123793206855,176.19687299346182,43.52030948301714
472.452333333,1,0,1,472.452333333,,472.439,472.4456666665,,,1.366666667000004,175.60975605472882,175.44492080295413,43.902439013682205
473.817666666,1,0,1,473.817666666,,473.807,473.81233333299997,,,1.3666666664999525,175.60975611898292,175.10025003526007,43.90243902974573
475.167,1,0,1,475.177666666,,475.167,475.172333333,,,1.3600000000000136,176.47058823529235,175.89670013633472,44.11764705882309
476.545666666,1,0,1,476.545666666,,476.540333333,476.5429999995,,,1.3706666665000284,175.09727628587882,175.72587354671805,43.774319071469705
477.908333333,1,0,1,477.921666666,,477.908333333,477.91499999949997,,,1.3719999999999573,174.92711370262936,175.4983260746002,43.73177842565734
479.263,1,0,1,479.276333333,,479.263,479.26966666650003,,,1.3546666670000604,177.1653542871069,175.72991475853837,44.29133857177673
480.628333333,1,0,1,480.641666666,,480.628333333,480.6349999995,,,1.3653333329999668,175.78125004291962,175.9579060108853,43.945312510729906
481.996333333,1,0,1,481.980333333,,481.996333333,481.988333333,,,1.353333333500018,177.33990145599026,176.76216859533892,44.334975363997565
483.353666666,1,0,1,483.359,,483.353666666,483.35633333299995,,,1.3679999999999382,175.438596491236,176.18658266338196,43.859649122809
484.729666666,1,0,1,484.729666666,,484.735,484.73233333300004,,,1.37600000000009,174.41860465115138,175.73236753279255,43.604651162787846
486.076333333,1,0,1,486.100333333,,486.076333333,486.088333333,,,1.3559999999999377,176.991150442486,175.6161171949578,44.2477876106215
487.449666666,1,0,1,487.449666666,,487.455,487.45233333299996,,,1.363999999999976,175.95307917888874,175.78761142417537,43.988269794722186
488.807,1,0,1,488.799,,488.807,488.803,,,1.3506666670000413,177.69002957114708,176.87808639750725,44.42250739278677
490.143,1,0,1,490.143,,490.143,490.143,,,1.339999999999975,179.10447761194365,177.5825287873265,44.77611940298591
491.489666666,1,0,1,491.489666666,,491.489666666,491.489666666,,,1.3466666660000328,178.2178218704005,178.33744301783042,44.55445546760013
492.831,1,0,1,492.825666666,,492.831,492.82833333300005,,,1.3386666670000409,179.28286848124878,178.86838932119767,44.820717120312196
494.172333333,1,0,1,494.172333333,,494.180333333,494.176333333,,,1.3479999999999563,178.041543026712,178.5140777927871,44.510385756678
495.524333333,1,0,1,495.524333333,,495.508333333,495.51633333300003,,,1.3400000000000318,179.10447761193603,178.80962970663225,44.77611940298401
496.863,1,0,1,496.863,,496.852333333,496.8576666665,,,1.3413333334999606,178.92644132966151,178.69082065610317,44.73161033241538
498.201666666,1,0,1,498.204333333,,498.201666666,498.2029999995,,,1.345333332999985,178.39444999464877,178.8084563120821,44.59861249866219
499.551,1,0,1,499.561666666,,499.551,499.556333333,,,1.353333333500018,177.33990145599026,178.22026426010018,44.334975363997565
500.911,1,0,1,500.911,,500.897666666,500.904333333,,,1.3480000000000132,178.0415430267045,177.9252981591145,44.51038575667612
502.273666666,1,0,1,502.276333333,,502.273666666,502.2749999995,,,1.3706666664999716,175.09727628588607,176.8262402561936,43.77431907147152
503.633666666,1,0,1,503.633666666,,503.625666666,503.629666666,,,1.3546666665000089,177.1653543525044,176.768057888365,44.2913385881261
504.999,1,0,1,504.999,,504.980333333,504.9896666665,,,1.3600000005000084,176.47058817041415,176.24440626960154,44.11764704260354
506.343,1,0,1,506.348333333,,506.343,506.34566666650005,,,1.3560000000000514,176.99115044247117,176.8756976551299,44.24778761061779
507.719,1,0,1,507.719,,507.719,507.719,,,1.373333333499943,174.7572815321969,176.07300671502742,43.68932038304923
509.071,1,0,1,509.071,,509.065666666,509.06833333300006,,,1.349333333000061,177.86561269215244,176.53801488894018,44.46640317303811
510.433666666,1,0,1,510.441666666,,510.433666666,510.43766666600004,,,1.369333332999986,175.26777024714585,175.96355482383174,43.81694256178646
511.793666666,1,0,1,511.804333333,,511.793666666,511.7989999995,,,1.3613333334999425,176.2977472849857,176.4770434080947,44.07443682124642
513.145666666,1,0,1,513.159,,513.145666666,513.152333333,,,1.353333333500018,177.33990145599026,176.30180632937393,44.334975363997565
514.500333333,1,0,1,514.521666666,,514.500333333,514.5109999995,,,1.3586666664999711,176.64376842206505,176.76047238768032,44.16094210551626
515.8523333329999,1,0,1,515.865666666,,515.8523333329999,515.8589999994999,,,1.3479999999999563,178.041543026712,177.34173763492242,44.510385756678
517.223,1,0,1,517.223,,517.217666666,517.220333333,,,1.3613333335000561,176.29774728497097,176.99435291124936,44.07443682124274
518.577666666,1,0,1,518.585666666,,518.577666666,518.581666666,,,1.3613333330000614,176.29774734972216,176.8790125538017,44.07443683743054
519.935,1,0,1,519.932333333,,519.935,519.9336666664999,,,1.3520000004998565,177.51479283377816,176.70342915615709,44.37869820844454
521.276333333,1,0,1,521.284333333,,521.276333333,521.280333333,,,1.3466666665001412,178.2178218042162,177.34345399590552,44.55445545105405
522.6469999999999,1,0,1,522.644333333,,522.6469999999999,522.6456666664999,,,1.3653333334998479,175.7812499785619,177.17128820551875,43.945312494640476
524.007,1,0,1,524.007,,523.999,524.0029999999999,,,1.357333333500037,176.81728877985552,176.9387868542112,44.20432219496388
525.364333333,1,0,1,525.367,,525.364333333,525.3656666664999,,,1.3626666664999902,176.1252446399383,176.2412611327852,44.031311159984575
526.735,1,0,1,526.737666666,,526.735,526.736333333,,,1.3706666665000284,175.09727628587882,176.0132699018909,43.774319071469705
528.0923333329999,1,0,1,528.0923333329999,,528.100333333,528.096333333,,,1.3600000000000136,176.47058823529235,175.89770305370317,44.11764705882309
529.444333333,1,0,1,529.463,,529.444333333,529.4536666665,,,1.357333333500037,176.81728877985552,176.12838443367556,44.20432219496388
530.8283333329999,1,0,1,530.825666666,,530.8283333329999,530.8269999995,,,1.373333333000005,174.75728159581422,176.0150528703207,43.689320398953555
532.188333333,1,0,1,532.188333333,,532.180333333,532.184333333,,,1.357333333500037,176.81728877985552,176.13061971850843,44.20432219496388
533.537666666,1,0,1,533.537666666,,533.537666666,533.537666666,,,1.3533333329999095,177.33990152152415,176.30482396573132,44.33497538038104
534.895,1,0,1,534.895,,534.887,534.891,,,1.3533333340000127,177.33990139047128,177.16569723061698,44.33497534761782
536.244333333,1,0,1,536.244333333,,536.244333333,536.244333333,,,1.3533333330000232,177.33990152150923,177.3399014778349,44.33497538037731
537.5989999999999,1,0,1,537.5989999999999,,537.596333333,537.5976666664999,,,1.3533333334999043,177.33990145600518,177.33990145599523,44.334975364001295
538.953666666,1,0,1,538.945666666,,538.953666666,538.949666666,,,1.3519999995000944,177.51479296504485,177.39819864751976,44.37869824126121
540.2976666659999,1,0,1,540.2976666659999,,540.295,540.2963333329999,,,1.3466666669999086,178.217821738077,177.69083871970903,44.55445543451925
541.657666666,1,0,1,541.639,,541.657666666,541.648333333,,,1.3520000000000891,177.51479289939658,177.7491358675061,44.378698224849146
543.004333333,1,0,1,543.004333333,,543.001666666,543.0029999994999,,,1.354666666499952,177.16535435251186,177.63265632999514,44.291338588127964
544.369666666,1,0,1,544.364333333,,544.369666666,544.3669999995,,,1.3640000000000327,175.9530791788814,176.8777421435966,43.98826979472035
545.748333333,1,0,1,545.748333333,,545.737666666,545.7429999995,,,1.3759999999999764,174.4186046511658,175.84567939418636,43.60465116279145
547.116333333,1,0,1,547.116333333,,547.127,547.1216666665,,,1.3786666670000614,174.08123786892813,174.81764056632514,43.52030946723203
548.495,1,0,1,548.495,,548.503,548.499,,,1.3773333335000189,174.24975796535946,174.24986682848444,43.562439491339866
549.884333333,1,0,1,549.884333333,,549.889666666,549.8869999995,,,1.3879999994999253,172.9106628865045,173.74721957359736,43.227665721626124
551.279,1,0,1,551.279,,551.279,551.279,,,1.3920000005000475,172.41379304151215,173.19140463112535,43.10344826037804
552.668333333,1,0,1,552.663,,552.668333333,552.6656666665,,,1.3866666664999912,173.0769230977267,172.8004596752478,43.269230774431676
554.036333333,1,0,1,554.036333333,,554.060333333,554.0483333330001,,,1.3826666665000857,173.57762779333274,173.02278131085723,43.394406948333184
555.423,1,0,1,555.423,,555.423,555.423,,,1.3746666669999286,174.5877788131546,173.74744323473803,43.64694470328865
556.796333333,1,0,1,556.796333333,,556.799,556.7976666664999,,,1.3746666664999339,174.5877788766558,174.25106182771438,43.64694471916395
558.180333333,1,0,1,558.180333333,,558.175,558.1776666665,,,1.3800000000001091,173.91304347824712,174.36286705601916,43.47826086956178
559.553666666,1,0,1,559.572333333,,559.553666666,559.5629999995,,,1.3853333329999487,173.24350341031524,173.91477525507273,43.31087585257881
560.943,1,0,1,560.943,,560.937666666,560.940333333,,,1.3773333335000189,174.24975796535946,173.80210161797393,43.562439491339866
562.319,1,0,1,562.3216666659999,,562.319,562.320333333,,,1.3799999999999955,173.91304347826144,173.8021016179787,43.47826086956536
563.705666666,1,0,1,563.705666666,,563.711,563.7083333329999,,,1.38799999999992,172.91066282421747,173.69115475594614,43.22766570605437
565.0816666659999,1,0,1,565.0816666659999,,565.087,565.0843333329999,,,1.3759999999999764,174.4186046511658,173.74743698454824,43.60465116279145
566.457666666,1,0,1,566.452333333,,566.457666666,566.4549999994999,,,1.3706666665000284,175.09727628587882,174.14218125375405,43.774319071469705
567.847,1,0,1,567.833666666,,567.847,567.840333333,,,1.385333333500057,173.24350334777395,174.2531280949395,43.31087583694349
569.215,1,0,1,569.217666666,,569.215,569.216333333,,,1.3759999999999764,174.4186046511658,174.2531280949395,43.60465116279145
570.604333333,1,0,1,570.596333333,,570.604333333,570.600333333,,,1.3840000000000146,173.41040462427563,173.6908375410718,43.35260115606891
571.985666666,1,0,1,571.975,,571.985666666,571.9803333330001,,,1.3800000000001091,173.91304347824712,173.91401758456286,43.47826086956178
573.364333333,1,0,1,573.375,,573.364333333,573.3696666665,,,1.3893333334999625,172.74472166834144,173.35605659028806,43.18618041708536
574.759,1,0,1,574.759,,574.761666666,574.7603333330001,,,1.3906666665000103,172.57909877427716,173.07895464028857,43.14477469356929
576.140333333,1,0,1,576.140333333,,576.140333333,576.140333333,,,1.3799999999998818,173.91304347827577,173.07895464029812,43.47826086956894
577.548333333,1,1,1,577.543,577.556333333,577.548333333,577.549222222,,,1.4088888890000817,170.34700314112996,172.27971513122762,42.58675078528249
579.0683333329999,1,1,1,579.0683333329999,579.097666666,579.049666666,579.0718888883333,,,1.5226666663332935,157.61821369475416,167.2927534380533,39.40455342368854
