Dun,J1,J2
13.132333333,12.121666666,13.135
14.137666667,12.292333333,13.756333333
14.823,12.417666666,13.964333333
15.679,12.636333333,14.449666666
15.815,13.095,15.116333333
15.996333333,13.761666666,15.311
16.201666667,14.807,15.791
16.457666667,14.996333333,15.996333333
16.649666667,15.129666666,16.156333333
16.961666667,15.343,16.668333333
17.279,15.796333333,16.820333333
17.439,16.009666666,17.113666666
17.729666667,16.468333333,17.313666666
18.071,16.583000000000002,17.452333333000002
18.391,16.660333333,17.916333333
18.596333333,16.969666666000002,18.068333333
19.239,17.439,18.385666666
19.388333333,17.615000000000002,18.604333333
19.673666667,17.735,18.737666666
20.033666667,17.943,19.231
20.529666667,18.380333333,19.356333333
20.663,19.025666666,19.676333333
20.967,19.223,19.881666666
21.319,20.015,20.023
21.831,20.183,20.511
21.964333333,20.313666666,20.652333333
22.428333333,20.503,20.959
22.585666667,20.953666666,21.161666666
23.113666667,21.601666666,21.311
23.551,21.791,21.793666666
24.505666667,22.241666666,21.932333333
25.017666667,22.604333333,22.244333333
25.188333333,22.759,22.463
25.673666667,22.889666666,22.591
26.116333333,23.089666666,23.081666666
27.041666667,23.529666666,23.217666666
27.559,24.177666666,23.548333333
27.721666667,24.375,23.751
28.188333333,25.145666666,23.879
28.636333333,25.316333333,24.385666666
29.615,25.449666666,24.508333333
30.140333333,25.636333333,24.817666666
30.292333333,26.095,25.020333333
30.748333333,26.705666666,25.180333333
31.089666667,26.775,25.636333333
31.231,26.868333333,25.777666666
31.409666667,26.951,26.105666666
31.609666667,27.068333333,26.303
31.868333333,27.231,26.436333333
32.063,27.367,26.929666666
32.369666667,27.527,27.055
32.671,27.687,27.359
32.828333333,27.844333333,27.540333333
33.119,27.972333333,27.695
33.465666667,28.167,28.180333333
33.783,28.623,28.319
33.983000000000004,29.265666666,28.655
34.977666667,29.476333333,28.857666666
35.161666667,30.265666666,28.988333333
36.380333333,30.436333333,29.476333333
37.012333333,30.561666666,29.612333333
37.217666667,30.756333333,29.921666666
37.516333333,31.204333333,30.113666666
37.809666667,31.863,30.276333333
38.092333333,32.065666666,30.769666666
38.945666667,32.511,30.911
39.908333333,32.839,31.233666666
40.377666667,33.001666666,31.433666666
40.540333333,33.135,31.564333333
41.049666667,33.332333333,32.060333333
41.519,33.785666666,32.199
42.463,34.447,32.508333333
42.953666667,34.639,32.692333333
43.119,35.076333333,32.841666666
43.623,35.425666666,33.135
44.084333333,35.599000000000004,33.324333333
44.265666667,35.735,33.463
44.436333333,35.929666666,33.788333333
44.537666667,36.359,33.999
44.684333333,37.023,34.151
44.892333333,37.215,34.468333333000004
45.196333333,37.647,34.665666666
45.519,37.991,34.793666666
45.807,38.153666666,35.108333333
46.623,38.279,35.313666666
47.591,38.473666666,35.452333333
48.084333333,38.916333333,35.924333333
48.247,39.553666666,36.060333333
48.753666667,39.759,36.396333333
49.209666667,40.204333333,36.585666666
50.153666667,40.540333333,36.724333333
50.633666667,40.697666666,37.039
50.783,40.828333333,37.233666666
51.271,41.017666666,37.369666666
51.732333333,41.484333333,37.665666666
52.676333333,42.127,37.849666666
53.188333333,42.316333333,37.980333333
53.337666667,42.775,38.447
53.839,43.105666666,38.585666666
54.143,43.268333333,38.919
54.289666667,43.396333333,39.111
54.476333333,43.588333333,39.271
54.679,44.025666666,39.745666666
54.911,44.689666666,39.887
55.113666667,44.892333333,40.188333333
55.417666667,45.329666666,40.377666666
55.721666667,45.657666666,40.540333333
55.871,45.825666666,41.031
56.185666667,45.953666666,41.161666666
56.508333333,46.148333333,41.471
56.831,46.593666666,41.684333333
57.023,47.244333333,41.817666666
57.799,47.447,42.321666666
58.260333333,47.884333333,42.463
58.417666667,48.241666666,42.761666666
58.937666667,48.399,42.977666666
59.385666667,48.527,43.119
60.343,48.724333333,43.588333333
60.815,49.161666666,43.740333333
60.964333333,49.831,44.055
61.479,50.137666666,44.265666666
61.897666667,50.335,44.401666666
62.076333333,50.612333333,44.897666666
62.241666667,50.777666666,45.049666666
62.348333333,51.055,45.345666666
62.489666667,51.252333333,45.551
62.708333333,51.697666666,45.695
63.020333333,52.359,46.161666666
63.343,52.556333333,46.316333333
63.617666667,53.009666666,46.628333333
64.444333333,53.337666666,46.833666666
65.393666667,53.497666666,46.975
66.113666667,53.625666666,47.463
66.511,53.836333333,47.612333333
66.817666667,54.260333333,47.903
66.95100000000001,54.905666666,48.108333333
67.121666667,55.111,48.255
67.329666667,55.545666666,48.729666666
67.561666667,55.873666666,48.889666666
67.759,56.033666666,49.196333333
68.039,56.159,49.401666666
68.345666667,56.361666666,49.545666666
68.500333333,56.807,50.015
68.772333333,57.465666666,50.172333333
69.089666667,57.668333333,50.460333333
69.391,58.071,50.647
69.585666667,58.417666666,50.801666666
70.575,58.583,51.249666666
70.753666667,58.703,51.409666666
71.889666667,58.903,51.724333333
72.940333333,59.343,51.937666666
73.071,59.583,52.068333333
73.247,59.975,52.567
73.500333333,60.183,52.721666666
74.321666667,60.481666666,52.996333333
74.903,60.631,53.193666666
75.076333333,60.793666666,53.340333333
75.348333333,60.948333333,53.799
75.652333333,61.081666666,53.948333333
75.924333333,61.225666666,54.257666666
76.743,61.407,54.481666666
77.620333333,61.860333333,54.612333333
78.047,62.519,55.113666666
78.201666667,62.711,55.265666666
79.073666667,63.188333333,55.543
79.948333333,63.508333333,55.751
80.407,63.657666666,55.903
80.559,63.777666666,56.356333333
81.377666667,63.977666666,56.505666666
81.551,64.297666666,56.820333333
81.708333333,64.441666666,57.039
81.801666667,64.625666666,57.185666666
81.943,64.764333333,57.655
82.124333333,64.932333333,57.807
82.385666667,65.055,58.081666666
82.668333333,65.239,58.303
82.908333333,65.540333333,58.439
83.665666667,65.676333333,58.897666666
84.641666667,65.865666666,59.063
84.759,66.012333333,59.356333333
84.919,66.167,59.572333333
85.143,66.289666666,59.708333333
85.876333333,66.484333333,60.188333333
86.401666667,66.788333333,60.340333333
86.56433333300001,66.940333333,60.612333333
86.809666667,67.124333333,60.812333333
87.089666667,67.263,60.969666666
87.348333333,67.433666666,61.439
88.199,67.556333333,61.585666666
88.391,67.740333333,61.884333333
88.596333333,68.191,62.095
88.767,68.359,62.220333333
89.017666667,68.503,62.705666666
89.273666667,68.660333333,62.868333333
89.537666667,68.780333333,63.135
89.833666667,68.985666666,63.337666666
90.116333333,69.425666666,63.500333333
90.239,69.607,63.983
90.399,69.745666666,64.151
90.572333333,69.913666666,64.433666666
90.785666667,70.036333333,64.636333333
90.967,70.215,64.788333333
91.207,70.524333333,65.255
91.476333333,70.660333333,65.391
91.609666667,70.839,65.679
91.863,70.975,65.876333333
92.153666667,71.132333333,66.023
92.444333333,71.249666666,66.473666666
92.607,71.431,66.620333333
93.423,71.729666666,66.956333333
93.537666667,71.863,67.148333333
93.692333333,72.047,67.295
93.900333333,72.185666666,67.751
94.631,72.356333333,67.900333333
95.564333333,72.479,68.169666666
95.681666667,72.657666666,68.372333333
95.839,73.100333333,68.519
96.063,73.273666666,68.972333333
96.927,73.409666666,69.108333333
97.319,73.569666666,69.391
97.468333333,73.687,69.599
97.703,73.876333333,69.729666666
97.961666667,74.175,70.199
98.204333333,74.30566666600001,70.345666666
98.911,74.492333333,70.623
99.828333333,74.620333333,70.831
99.951,74.788333333,70.953666666
100.108333333,74.905666666,71.420333333
100.327,75.081666666,71.569666666
101.009666667,75.524333333,71.881666666
101.255,75.687,72.081666666
101.705666667,75.825666666,72.193666666
101.812333333,75.975,72.668333333
102.020333333,76.095,72.809666666
102.308333333,76.276333333,73.081666666
102.705666667,76.561666666,73.273666666
102.815,76.705666666,73.420333333
103.055,76.887,73.852333333
103.327,77.023,73.996333333
103.711,77.188333333,74.30833333300001
103.828333333,77.303,74.468333333
104.079,77.479,74.636333333
104.356333333,77.772333333,75.079
104.735,77.900333333,75.215
104.849666667,78.071,75.492333333
105.108333333,78.209666666,75.671
105.377666667,78.364333333,75.820333333
105.761666667,78.481666666,76.276333333
105.868333333,78.668333333,76.401666666
106.111,78.92166666600001,76.700333333
106.380333333,79.068333333,76.897666666
106.764333333,79.244333333,77.033666666
106.879,79.652333333,77.476333333
107.140333333,79.945666666,77.609666666
107.863,80.135,77.879
108.265666667,80.369666666,78.063
108.401666667,80.532333333,78.204333333
109.127,80.777666666,78.625666666
109.985666667,80.961666666,78.761666666
110.100333333,81.383,79.044333333
110.247,81.543,79.239
110.444333333,81.668333333,79.364333333
111.097666667,81.959,79.809666666
111.556333333,82.119,79.945666666
111.687,82.225666666,80.217666666
111.913666667,82.505666666,80.391
112.164333333,82.660333333,80.532333333
112.388333333,82.804333333,80.967
113.015,82.953666666,81.097666666
113.732333333,83.065666666,81.361666666
114.111,83.241666666,81.559
114.233666667,83.497666666,81.671
114.943,83.647,82.105666666
115.663,83.809666666,82.241666666
116.025666667,83.937666666,82.519
116.145666667,84.092333333,82.687
116.849666667,84.199,82.812333333
117.327,84.369666666,83.231
118.279,84.759,83.359
118.769666667,84.911,83.620333333
119.500333333,85.041666666,83.804333333
119.855,85.18033333300001,83.92166666600001
119.972333333,85.295,84.348333333
120.324333333,85.460333333,84.481666666
120.548333333,85.732333333,84.737666666
120.647,85.863,84.911
120.783,86.023,85.044333333
120.937666667,86.151,85.468333333
121.116333333,86.297666666,85.588333333
121.263,86.407,85.855
121.465666667,86.56700000000001,86.020333333
121.684333333,86.967,86.148333333
121.799,87.116333333,86.585666666
121.932333333,87.244333333,86.708333333
122.140333333,87.380333333,86.95100000000001
122.521666667,87.489666666,87.113666666
123.207,87.657666666,87.247
123.535,88.055,87.633666666
123.660333333,88.204333333,87.759
124.351,88.329666666,88.025666666
124.820333333,88.481666666,88.191
125.735,88.593666666,88.321666666
126.220333333,88.756333333,88.745666666
126.937666667,89.145666666,88.879
127.279,89.295,89.137666666
127.404333333,89.431,89.30833333300001
128.108333333,89.56700000000001,89.425666666
128.812333333,89.673666666,89.828333333
129.161666667,89.844333333,89.961666666
129.292333333,90.241666666,90.217666666
129.65499999999997,90.399,90.396333333
129.881666667,90.513666666,90.516333333
129.98033333299998,90.665666666,90.940333333
130.12433333299998,90.777666666,91.063
130.279,90.943,91.332333333
130.45766666699998,91.343,91.492333333
130.604333333,91.489666666,91.612333333
130.804333333,91.617666666,92.017666666
131.039,91.751,92.151
131.228333333,91.865666666,92.415
131.88433333299997,92.028333333,92.591
132.633666667,92.415,92.711
132.740333333,92.479,93.135
132.88433333299997,92.687,93.263
133.073666667,92.977666666,93.505666666
133.71099999999998,93.148333333,93.684333333
134.17499999999998,93.268333333,93.807
134.28699999999998,93.535,94.207
134.505666667,93.807,94.337666666
134.72433333299998,94.071,94.604333333
134.927,94.236333333,94.785666666
135.508333333,94.617666666,94.897666666
136.28433333299998,94.884333333,95.148333333
136.388333333,95.153666666,95.311
136.529666667,95.329666666,95.436333333
136.71366666699998,95.687,95.692333333
137.28433333299998,95.748333333,95.855
137.70833333299998,96.209666666,95.988333333
137.839,96.377666666,96.372333333
138.047,96.756333333,96.492333333
138.268333333,97.023,96.753666666
138.489666667,97.289666666,96.929666666
139.08166666699998,97.460333333,97.052333333
139.767,97.713666666,97.455
139.95899999999995,97.844333333,97.580333333
140.63899999999998,97.980333333,97.820333333
140.84433333299998,98.108333333,97.999
141.300333333,98.233666666,98.111
142.185666667,98.348333333,98.497666666
142.65233333299997,98.500333333,98.623
143.391,98.857666666,98.863
143.500333333,99.129666666,99.057666666
143.63633333299998,99.447,99.164333333
143.82566666699998,99.689666666,99.572333333
144.45233333299998,99.852333333,99.700333333
145.19899999999998,100.065666666,99.945666666
145.300333333,100.207,100.105666666
145.436333333,100.425666666,100.233666666
145.620333333,100.585666666,100.609666666
146.233666667,100.961666666,100.729666666
146.68966666699998,101.023,100.964333333
146.817666667,101.247,101.135
147.020333333,101.516333333,101.252333333
147.244333333,101.756333333,101.647
147.460333333,101.913666666,101.772333333
148.025666667,102.132333333,102.020333333
148.68966666699998,102.279,102.185666666
149.041666667,102.500333333,102.308333333
149.16699999999997,102.660333333,102.673666666
149.833666667,103.041666666,102.785666666
150.49766666699998,103.108333333,103.031
150.839,103.564333333,103.191
150.95899999999995,103.732333333,103.311
151.604333333,104.068333333,103.695
152.036333333,104.308333333,103.812333333
152.91633333299998,104.567,104.057666666
153.38566666699998,104.748333333,104.225666666
154.065666667,105.084333333,104.337666666
154.40166666699997,105.593666666,104.713666666
154.52166666699998,105.748333333,104.831
155.16966666699997,106.108333333,105.073666666
155.61233333299998,106.367,105.241666666
156.489666667,106.604333333,105.351
156.92166666699998,106.764333333,105.737666666
157.620333333,107.108333333,105.857666666
157.92166666699998,107.241666666,106.092333333
158.044333333,107.623,106.252333333
158.38299999999998,107.775,106.369666666
158.585666667,108.007,106.761666666
158.68433333299998,108.124333333,106.879
158.817666667,108.249666666,107.121666666
158.96433333299998,108.375,107.284333333
159.12966666699998,108.492333333,107.399
159.26566666699998,108.612333333,107.772333333
159.47099999999998,108.759,107.889666666
159.695,109.100333333,108.121666666
159.88433333299997,109.223,108.263
160.089666667,109.353666666,108.385666666
160.487,109.601666666,108.740333333
161.231,109.844333333,108.860333333
161.329666667,109.993666666,109.116333333
161.47366666699995,110.191,109.271
161.65233333299997,110.332333333,109.377666666
162.244333333,110.545666666,109.751
163.017666667,110.700333333,109.860333333
163.111,111.065666666,110.097666666
163.252333333,111.183,110.239
163.441666667,111.564333333,110.356333333
164.023,111.812333333,110.735
164.44966666699997,111.927,110.844333333
164.572333333,112.039,111.076333333
164.77233333299998,112.148333333,111.217666666
164.988333333,112.268333333,111.335
165.21499999999995,112.380333333,111.700333333
165.785666667,112.489666666,111.820333333
166.484333333,112.636333333,112.033666666
166.77233333299998,112.999,112.164333333
166.90833333299997,113.113666666,112.287
167.56699999999998,113.500333333,112.644333333
167.812333333,113.721666666,112.751
168.16699999999997,113.857666666,112.983
168.268333333,114.060333333,113.137666666
168.47099999999998,114.193666666,113.249666666
168.70833333299998,114.404333333,113.625666666
169.05499999999998,114.551,113.735
169.156333333,114.897666666,113.956333333
169.38299999999998,115.391,114.100333333
169.607,115.543,114.212333333
169.951,115.871,114.559
170.060333333,116.137666666,114.660333333
170.26299999999998,116.263,114.900333333
170.503,116.476333333,115.049666666
170.84699999999998,116.823,115.159
170.94566666699998,117.335,115.527
171.16433333299997,117.569666666,115.639
171.40699999999998,117.713666666,115.855
171.769666667,117.913666666,115.999
171.863,118.052333333,116.111
172.220333333,118.260333333,116.471
172.30833333299998,118.399,116.575
172.623,118.753666666,116.823
172.96433333299998,118.879,116.967
173.24166666699998,119.009666666,117.076333333
173.575,119.129666666,117.449666666
173.671,119.223,117.564333333
173.96433333299998,119.356333333,117.791
174.07633333299998,119.703,117.937666666
174.36166666699998,119.817666666,118.055
174.70566666699995,119.945666666,118.396333333
175.07899999999998,120.055,118.511
175.42566666699997,120.156333333,118.748333333
175.82299999999998,120.295,118.903
176.19099999999997,120.652333333,119.009666666
176.505666667,120.775,119.369666666
176.74833333299998,121.100333333,119.476333333
177.156333333,121.217666666,119.700333333
177.367,121.332333333,119.836333333
177.58833333299998,121.444333333,119.945666666
178.012333333,121.561666666,120.287
178.23899999999998,121.687,120.401666666
178.47899999999998,121.820333333,120.628333333
178.89766666699998,121.927,120.783
179.10299999999998,122.028333333,120.884333333
179.329666667,122.161666666,121.249666666
179.745666667,122.495,121.361666666
179.975,122.724333333,121.580333333
180.207,122.972333333,121.713666666
180.631,123.183,121.833666666
180.833666667,123.327,122.161666666
181.068333333,123.527,122.263
181.649666667,123.663,122.484333333
182.375,123.863,122.639
182.465666667,123.991,122.743
182.604333333,124.321666666,123.097666666
182.799,124.783,123.199
183.311,124.849666666,123.420333333
183.527,124.929666666,123.553666666
183.937666667,124.996333333,123.671
184.121666667,125.081666666,123.988333333
184.324333333,125.172333333,124.097666666
184.713666667,125.279,124.321666666
184.905666667,125.396333333,124.471
185.103,125.519,124.575
185.511,125.625666666,124.919
185.697666667,125.719,125.031
185.905666667,125.860333333,125.268333333
186.273666667,126.204333333,125.412333333
186.479,126.449666666,125.527
186.671,126.692333333,125.876333333
187.057666667,126.817666666,125.983
187.399,127.151,126.207
187.692333333,127.420333333,126.356333333
188.015,127.516333333,126.463
188.508333333,127.615,126.823
188.833666667,127.745666666,126.929666666
188.948333333,128.095,127.151
189.519,128.220333333,127.287
189.977666667,128.345666666,127.401666666
190.327,128.457666666,127.759
190.420333333,128.559,127.871
191.004333333,128.689666666,128.092333333
191.663,129.044333333,128.241666666
191.751,129.16699999999997,128.367
191.881666667,129.300333333,128.695
192.041666667,129.40433333299998,128.801666666
192.564333333,129.500333333,129.033666666
192.948333333,129.63899999999998,129.156333333
193.049666667,130.00433333299998,129.289666666
193.220333333,130.12433333299998,129.63899999999998
193.396333333,130.23633333299998,129.743
193.585666667,130.345666666,129.98299999999998
194.103,130.44166666599995,130.12699999999998
194.729666667,130.575,130.228333333
194.817666667,130.91899999999998,130.58833333299998
194.945666667,131.044333333,130.70299999999995
195.111,131.16699999999997,130.924333333
195.639,131.271,131.05499999999998
196.017666667,131.367,131.177666666
196.124333333,131.500333333,131.524333333
196.308333333,131.852333333,131.62566666599997
196.497666667,131.975,131.857666666
196.695,132.09766666599998,131.985666666
197.199,132.21233333299998,132.105666666
197.577666667,132.303,132.44966666599998
197.673666667,132.433666666,132.559
197.865666667,132.780333333,132.76966666599998
198.047,132.903,132.897666666
198.228333333,133.033666666,133.009666666
198.452333333,133.135,133.345666666
198.743,133.228333333,133.457666666
199.348333333,133.35633333299998,133.68166666599998
199.449666667,133.68699999999998,133.82033333299998
199.577666667,134.16166666599997,133.927
200.239,134.372333333,134.28699999999998
200.625666667,134.511,134.391
200.735,134.69766666599998,134.61499999999998
200.913666667,134.833666666,134.740333333
201.097666667,135.023,134.860333333
201.305666667,135.156333333,135.180333333
201.785666667,135.497666666,135.481666666
202.159,135.716333333,135.617666666
202.545666667,135.95366666599998,135.732333333
202.921666667,136.07633333299998,136.041666666
203.319,136.183,136.159
203.972333333,136.295,136.367
204.295,136.39633333299997,136.497666666
204.855,136.505666666,136.620333333
205.055,136.60966666599998,136.93499999999997
205.452333333,136.713666666,137.05499999999998
205.636333333,136.809666666,137.26033333299998
205.825666667,136.945666666,137.41766666599997
206.124333333,137.255,137.53766666599998
206.223,137.72433333299998,137.863
206.393666667,137.95366666599998,137.985666666
206.601666667,138.084333333,138.18833333299995
206.975,138.273666666,138.321666666
207.172333333,138.40433333299998,138.439
207.367,138.596333333,138.729666666
207.745666667,138.719,138.852333333
207.943,139.04966666599998,139.057666666
208.137666667,139.26033333299998,139.201666666
208.529666667,139.511,139.313666666
208.721666667,139.641666666,139.63899999999998
208.935,139.93766666599998,139.74833333299998
209.311,140.20966666599998,139.951
209.527,140.292333333,140.068333333
209.721666667,140.39899999999997,140.201666666
210.111,140.51899999999998,140.505666666
210.300333333,140.84699999999998,140.61499999999998
210.503,141.28699999999998,140.836333333
210.871,141.412333333,140.972333333
211.105666667,141.759,141.081666666
211.468333333,142.16699999999997,141.43099999999998
211.897666667,142.321666666,141.524333333
212.284333333,142.644333333,141.72699999999998
212.657666667,143.089666666,141.855
213.239,143.22299999999998,141.96699999999998
213.537666667,143.527,142.313666666
213.641666667,143.972333333,142.409666666
214.255,144.108333333,142.631
214.447,144.42299999999997,142.77233333299998
214.839,144.876333333,142.879
215.023,145.017666666,143.228333333
215.231,145.327,143.321666666
215.604333333,145.77233333299998,143.527
215.796333333,145.903,143.665666666
216.001666667,146.220333333,143.76966666599998
216.372333333,146.68699999999998,144.09766666599998
216.564333333,146.900333333,144.19099999999997
216.764333333,147.041666666,144.42033333299997
217.140333333,147.228333333,144.569666666
217.337666667,147.364333333,144.671
217.535,147.569666666,145.015
217.857666667,147.69766666599998,145.119
217.940333333,148.02833333299998,145.313666666
218.124333333,148.46833333299998,145.457666666
218.332333333,148.593666666,145.56166666599998
218.719,148.91099999999997,145.89499999999998
218.911,149.14033333299997,146.00699999999998
219.108333333,149.225666666,146.21499999999995
219.508333333,149.33233333299998,146.351
219.705666667,149.46833333299998,146.46833333299998
219.903,149.807,146.812333333
220.295,150.26033333299998,146.93233333299997
220.489666667,150.46566666599998,147.132333333
221.049666667,150.601666666,147.26033333299998
221.361666667,150.780333333,147.372333333
221.476333333,150.91633333299998,147.67633333299997
222.065666667,151.10299999999998,147.788333333
222.455,151.23366666599998,148.00433333299998
222.540333333,151.580333333,148.153666666
222.721666667,152.03099999999998,148.249666666
222.900333333,152.16166666599997,148.577666666
223.092333333,152.473666666,148.692333333
223.620333333,152.72166666599998,148.89233333299998
224.281666667,152.809666666,149.02833333299998
224.361666667,152.91099999999997,149.14299999999997
224.495,153.039,149.46833333299998
224.665666667,153.372333333,149.569666666
225.199,153.831,149.780333333
225.577666667,153.95633333299998,149.924333333
225.681666667,154.265666666,150.02566666599998
225.863,154.508333333,150.361666666
226.044333333,154.601666666,150.47899999999998
226.233666667,154.70033333299995,150.67366666599997
226.767,154.836333333,150.807
227.393666667,155.159,150.91899999999998
227.481666667,155.604333333,151.249666666
227.612333333,155.812333333,151.35366666599998
228.295,155.945666666,151.548333333
228.681666667,156.129666666,151.69766666599998
228.785666667,156.271,151.807
228.969666667,156.45233333299998,152.14299999999997
229.161666667,156.577666666,152.25766666599998
229.361666667,156.91633333299998,152.45233333299998
229.825666667,157.37766666599998,152.583
230.220333333,157.593666666,152.695
230.660333333,157.732333333,153.036333333
230.759,157.91366666599998,153.14833333299998
230.916333333,158.05233333299998,153.35366666599998
231.100333333,158.241666666,153.497666666
231.431,158.364333333,153.604333333
231.823,158.68433333299998,153.945666666
231.913666667,159.13766666599997,154.057666666
232.087,159.337666666,154.252333333
232.271,159.476333333,154.388333333
232.476333333,159.67366666599997,154.505666666
232.937666667,159.804333333,154.825666666
233.351,159.996333333,154.93499999999997
233.783,160.12433333299998,155.14566666599998
234.164333333,160.463,155.28699999999998
234.577666667,160.897666666,155.388333333
234.769666667,161.044333333,155.740333333
235.188333333,161.348333333,155.84166666599998
235.388333333,161.764333333,156.041666666
235.585666667,161.91899999999998,156.17233333299998
235.980333333,162.228333333,156.28166666599998
236.172333333,162.65766666599998,156.604333333
236.380333333,162.807,156.70833333299998
236.713666667,163.12166666599998,156.921666666
236.804333333,163.559,157.05499999999998
236.980333333,163.70833333299998,157.16966666599998
237.180333333,164.017666666,157.48966666599998
237.487,164.44966666599998,157.604333333
237.569666667,164.593666666,157.79633333299998
237.748333333,164.91099999999997,157.927
237.956333333,165.345666666,158.036333333
238.276333333,165.481666666,158.35366666599998
238.367,165.79633333299998,158.47099999999998
238.548333333,166.23366666599998,158.67633333299997
238.740333333,166.45499999999998,158.82299999999998
239.055,166.59099999999998,158.92966666599995
239.145666667,166.788333333,159.26299999999998
239.335,166.921666666,159.372333333
239.545666667,167.10299999999998,159.583
239.943,167.23633333299998,159.70033333299995
240.127,167.580333333,159.81766666599998
240.332333333,167.79633333299998,160.12166666599998
240.719,168.015,160.23366666599998
240.903,168.14566666599998,160.439
241.124333333,168.473666666,160.583
241.484333333,168.72166666599998,160.68433333299998
241.561666667,168.81766666599998,161.020333333
241.820333333,168.91366666599998,161.129666666
242.495,169.044333333,161.32966666599998
243.092333333,169.369666666,161.45499999999998
243.388333333,169.497666666,161.56433333299998
243.489666667,169.61233333299998,161.89499999999998
244.076333333,169.716333333,162.00699999999998
244.681666667,169.809666666,162.217666666
245.004333333,169.93766666599998,162.35633333299998
245.108333333,170.265666666,162.463
245.665666667,170.388333333,162.79366666599998
246.068333333,170.508333333,162.88966666599998
246.172333333,170.60966666599998,163.10299999999998
246.356333333,170.70566666599998,163.225666666
246.535,170.836333333,163.337666666
246.729666667,171.16433333299997,163.671
247.239,171.28699999999998,163.77233333299998
247.625666667,171.40166666599998,163.996333333
247.727,171.500333333,164.14299999999997
247.919,171.593666666,164.241666666
248.103,171.72166666599998,164.58566666599998
248.303,172.060333333,164.68433333299998
248.825666667,172.177666666,164.897666666
249.172333333,172.297666666,165.023
249.281666667,172.40166666599998,165.14033333299997
249.465666667,172.49499999999998,165.44966666599998
249.655,172.620333333,165.780333333
249.855,172.95899999999995,165.91899999999998
250.375,173.07366666599998,166.036333333
250.575,173.19099999999997,166.35366666599998
250.967,173.297666666,166.44966666599998
251.159,173.391,166.67366666599997
251.353666667,173.51899999999998,166.809666666
251.753666667,173.84166666599998,166.91633333299998
251.956333333,173.961666666,167.225666666
252.135,174.081666666,167.327
252.548333333,174.183,167.545666666
252.737666667,174.279,167.695
252.921666667,174.40433333299998,167.79366666599998
253.276333333,174.72166666599998,168.135
253.500333333,174.833666666,168.23366666599998
254.145666667,174.948333333,168.45233333299998
254.415,175.057666666,168.601666666
254.521666667,175.15099999999998,168.692333333
255.103,175.276333333,169.015
255.713666667,175.593666666,169.12166666599998
255.908333333,175.70033333299995,169.340333333
256.500333333,175.831,169.49233333299998
256.692333333,175.93499999999997,169.593666666
257.076333333,176.03099999999998,169.93233333299997
257.892333333,176.156333333,170.039
258.292333333,176.47899999999998,170.247
258.889666667,176.599,170.39633333299997
259.060333333,176.716333333,170.497666666
259.593666667,176.825666666,170.815
259.833666667,176.91633333299998,170.91633333299998
260.207,177.047,171.13766666599997
260.983,177.37766666599998,171.289666666
261.404333333,177.484333333,171.39366666599997
261.609666667,177.61233333299998,171.72433333299998
262.031,177.70833333299998,171.836333333
262.220333333,177.804333333,172.033666666
262.415,177.924333333,172.19899999999998
262.833666667,178.249666666,172.303
263.028333333,178.668333333,172.63633333299998
263.215,178.88166666599997,172.743
263.532333333,179.023,172.948333333
263.620333333,179.20966666599998,173.095
263.796333333,179.345666666,173.19366666599998
264.012333333,179.529666666,173.527
264.321666667,179.66033333299998,173.63899999999998
264.412333333,179.831,173.852333333
264.604333333,179.95366666599998,173.991
264.817666667,180.068333333,174.089666666
265.132333333,180.273666666,174.409666666
265.233666667,180.383,174.500333333
265.415,180.511,174.72166666599998
265.607,180.719,174.849666666
266.012333333,180.825666666,174.95899999999995
266.196333333,180.937666666,175.28166666599998
266.396333333,181.052333333,175.391
266.793666667,181.151,175.599
266.988333333,181.244333333,175.740333333
267.185666667,181.369666666,175.836333333
267.575,181.655,176.14299999999997
267.767,181.804333333,176.244333333
267.977666667,182.087,176.473666666
268.364333333,182.300333333,176.61499999999998
268.548333333,182.425666666,176.72166666599998
268.740333333,182.593666666,177.047
269.121666667,182.713666666,177.15099999999998
269.305666667,182.884333333,177.345666666
269.497666667,183.001666666,177.476333333
269.916333333,183.332333333,177.59099999999998
269.993666667,183.708333333,177.91633333299998
270.225666667,183.809666666,178.041666666
270.407,183.919,178.23633333299998
270.903,184.009666666,178.364333333
271.444333333,184.113666666,178.473666666
271.732333333,184.209666666,178.804333333
271.841666667,184.305666666,178.903
272.412333333,184.396333333,179.089666666
273.020333333,184.489666666,179.324333333
273.311,184.604333333,179.644333333
273.415,184.897666666,179.753666666
273.985666667,185.287,179.95633333299998
274.380333333,185.441666666,180.089666666
275.151,185.577666666,180.199
275.543,185.737666666,180.500333333
275.748333333,185.860333333,180.609666666
276.164333333,186.031,180.793666666
276.343,186.151,180.913666666
276.543,186.460333333,181.036333333
276.921666667,186.841666666,181.337666666
277.119,186.956333333,181.436333333
277.324333333,187.223,181.655
277.721666667,187.439,181.785666666
277.900333333,187.505666666,181.887
278.105666667,187.615,182.196333333
278.460333333,187.708333333,182.313666666
278.655,187.985666666,182.497666666
278.857666667,188.073666666,182.609666666
279.180333333,188.177666666,182.713666666
279.268333333,188.273666666,183.004333333
279.452333333,188.359,183.103
279.649666667,188.465666666,183.292333333
279.948333333,188.737666666,183.415
280.031,188.825666666,183.516333333
280.223,188.935,183.812333333
280.428333333,189.025666666,183.919
280.727,189.113666666,184.100333333
280.809666667,189.220333333,184.223
280.991,189.492333333,184.319
281.204333333,189.583,184.588333333
281.495,189.689666666,184.692333333
281.596333333,189.780333333,184.868333333
281.785666667,189.871,184.988333333
281.980333333,189.980333333,185.095
282.279,190.255,185.364333333
282.388333333,190.356333333,185.465666666
282.572333333,190.457666666,185.633666666
282.772333333,190.548333333,185.756333333
283.076333333,190.636333333,185.865666666
283.177666667,190.743,186.159
283.367,190.993666666,186.257666666
283.559,191.055,186.433666666
283.844333333,191.391,186.543
283.943,191.519,186.655
284.124333333,191.775,186.935
284.316333333,192.148333333,187.033666666
284.601666667,192.268333333,187.207
284.695,192.529666666,187.329666666
284.881666667,192.908333333,187.431
285.097666667,193.031,187.697666666
285.393666667,193.292333333,187.788333333
285.495,193.673666666,187.972333333
285.676333333,193.799,188.087
285.879,194.060333333,188.193666666
286.161666667,194.452333333,188.463
286.257666667,194.577666666,188.564333333
286.449666667,194.839,188.729666666
286.647,195.225666666,188.844333333
286.943,195.343,188.943
287.028333333,195.609666666,189.212333333
287.207,196.001666666,189.311
287.412333333,196.127,189.489666666
287.700333333,196.388333333,189.609666666
287.796333333,196.780333333,189.711
287.988333333,196.903,189.967
288.207,197.175,190.065666666
288.503,197.577666666,190.249666666
288.596333333,197.668333333,190.364333333
288.780333333,197.761666666,190.465666666
288.996333333,197.847,190.724333333
289.263,197.940333333,190.828333333
289.532333333,198.028333333,191.009666666
289.764333333,198.124333333,191.127
290.183,198.209666666,191.220333333
290.607,198.300333333,191.471
290.857666667,198.417666666,191.572333333
291.105666667,198.687,191.756333333
291.305666667,199.092333333,191.868333333
291.599,199.180333333,191.972333333
291.689666667,199.276333333,192.236333333
291.865666667,199.369666666,192.335
292.065666667,199.465666666,192.524333333
292.631,199.553666666,192.641666666
293.241666667,199.655,192.735
293.332333333,199.737666666,193.015
293.463,199.825666666,193.113666666
293.633666667,199.927,193.284333333
294.145666667,200.209666666,193.383
294.495,200.612333333,193.497666666
294.596333333,200.793666666,193.772333333
294.769666667,200.911,193.860333333
294.948333333,201.073666666,194.057666666
295.151,201.191,194.180333333
295.591,201.340333333,194.284333333
296.220333333,201.457666666,194.553666666
296.311,201.729666666,194.660333333
297.055,201.801666666,194.836333333
297.444333333,202.129666666,194.953666666
297.847,202.263,195.055
298.215,202.527,195.324333333
298.577666667,202.908333333,195.425666666
299.119,203.031,195.612333333
299.204333333,203.303,195.732333333
299.340333333,203.684333333,195.839
299.524333333,203.804333333,196.111
300.017666667,204.065666666,196.212333333
300.399,204.455,196.380333333
300.495,204.556333333,196.492333333
300.668333333,204.841666666,196.601666666
300.844333333,205.233666666,196.871
301.031,205.345666666,196.972333333
301.516333333,205.617666666,197.156333333
301.903,206.007,197.276333333
301.993666667,206.111,197.383
302.164333333,206.393666666,197.660333333
302.343,206.777666666,197.764333333
302.529666667,206.889666666,197.951
303.015,207.159,198.060333333
303.364333333,207.540333333,198.167
303.463,207.631,198.425666666
303.639,207.932333333,198.524333333
303.817666667,208.137666666,198.700333333
304.007,208.321666666,198.820333333
304.519,208.521666666,198.924333333
304.860333333,208.711,199.193666666
305.255,208.905666666,199.295
305.631,208.996333333,199.468333333
306.017666667,209.097666666,199.572333333
306.567,209.204333333,199.684333333
306.660333333,209.489666666,199.940333333
306.809666667,209.895,200.036333333
307.449666667,209.999,200.215
307.844333333,210.284333333,200.340333333
307.945666667,210.487,200.433666666
308.119,210.561666666,200.700333333
308.297666667,210.673666666,200.804333333
308.489666667,210.780333333,200.988333333
308.919,211.065666666,201.092333333
309.300333333,211.140333333,201.196333333
309.391,211.505666666,201.465666666
309.559,211.692333333,201.559
309.743,211.796333333,201.745666666
309.943,211.956333333,201.857666666
310.369666667,212.063,201.948333333
310.737666667,212.236333333,202.228333333
311.492333333,212.351,202.329666666
311.889666667,212.660333333,202.505666666
312.457666667,213.049666666,202.609666666
312.633666667,213.244333333,202.713666666
313.188333333,213.356333333,202.991
313.372333333,213.532333333,203.092333333
313.753666667,213.647,203.276333333
314.511,213.833666666,203.409666666
314.916333333,213.932333333,203.505666666
315.449666667,214.209666666,203.783
315.663,214.292333333,203.887
315.868333333,214.393666666,204.065666666
316.260333333,214.495,204.175
316.455,214.588333333,204.284333333
316.647,214.687,204.567
317.025666667,214.793666666,204.665666666
317.207,214.887,204.847
317.396333333,214.977666666,204.967
317.769666667,215.079,205.060333333
317.964333333,215.175,205.329666666
318.164333333,215.271,205.428333333
318.553666667,215.367,205.599
318.740333333,215.484333333,205.721666666
318.977666667,215.769666666,205.820333333
319.313666667,216.188333333,206.095
319.508333333,216.375,206.188333333
319.703,216.487,206.372333333
320.100333333,216.652333333,206.495
320.289666667,216.764333333,206.593666666
320.471,216.929666666,206.868333333
320.852333333,217.041666666,206.964333333
321.057666667,217.332333333,207.148333333
321.257666667,217.412333333,207.263
321.631,217.729666666,207.359
321.817666667,217.820333333,207.631
322.007,218.127,207.732333333
322.404333333,218.215,207.913666666
322.596333333,218.409666666,208.033666666
322.804333333,218.548333333,208.127
323.185666667,218.871,208.407
323.377666667,218.967,208.505666666
323.572333333,219.313666666,208.689666666
323.937666667,219.417666666,208.807
324.140333333,219.689666666,208.905666666
324.345666667,219.791,209.188333333
324.743,220.079,209.289666666
324.927,220.199,209.484333333
325.121666667,220.476333333,209.612333333
325.463,220.564333333,209.708333333
325.673666667,220.679,210.009666666
326.223,220.772333333,210.095
326.527,220.868333333,210.276333333
326.633666667,220.980333333,210.401666666
327.215,221.276333333,210.497666666
327.585666667,221.372333333,210.785666666
327.673666667,221.481666666,210.873666666
327.839,221.572333333,211.060333333
328.017666667,221.663,211.191
328.209666667,221.769666666,211.284333333
328.735,222.039,211.583
329.097666667,222.135,211.668333333
329.188333333,222.249666666,211.852333333
329.359,222.343,211.980333333
329.543,222.439,212.073666666
329.743,222.545666666,212.361666666
330.257666667,222.828333333,212.455
330.457666667,222.927,212.636333333
330.863,223.041666666,212.769666666
331.041666667,223.135,212.865666666
331.225666667,223.228333333,213.159
331.588333333,223.332333333,213.244333333
331.799,223.623,213.420333333
331.993666667,223.724333333,213.543
332.375,223.833666666,213.639
332.575,223.919,213.927
332.769666667,224.020333333,214.025666666
333.148333333,224.116333333,214.204333333
333.348333333,224.217666666,214.332333333
333.543,224.311,214.428333333
333.889666667,224.407,214.721666666
333.969666667,224.500333333,214.820333333
334.305666667,224.604333333,214.983
334.545666667,224.692333333,215.100333333
334.887,224.785666666,215.201666666
335.076333333,224.884333333,215.481666666
335.457666667,225.177666666,215.575
335.639,225.276333333,215.751
335.828333333,225.391,215.876333333
336.217666667,225.479,215.969666666
336.404333333,225.572333333,216.252333333
336.601666667,225.673666666,216.345666666
336.977666667,225.972333333,216.521666666
337.161666667,226.063,216.647
337.353666667,226.169666666,216.748333333
337.727,226.257666666,217.033666666
337.924333333,226.353666666,217.132333333
338.119,226.460333333,217.292333333
338.503,226.737666666,217.425666666
338.692333333,226.804333333,217.519
338.895,227.132333333,217.809666666
339.385666667,227.311,217.908333333
339.623,227.439,218.087
340.017666667,227.604333333,218.204333333
340.193666667,227.735,218.311
340.391,227.908333333,218.695
340.772333333,228.025666666,218.879
340.956333333,228.316333333,218.996333333
341.151,228.705666666,219.100333333
341.545666667,228.799,219.372333333
341.724333333,228.897666666,219.471
341.908333333,228.991,219.657666666
342.279,229.087,219.780333333
342.465666667,229.175,219.887
342.668333333,229.268333333,220.169666666
343.033666667,229.356333333,220.255
343.215,229.449666666,220.473666666
343.399,229.545666666,220.585666666
343.769666667,229.841666666,220.689666666
343.945666667,229.964333333,220.980333333
344.132333333,230.223,221.084333333
344.492333333,230.332333333,221.255
344.668333333,230.628333333,221.359
344.855,230.991,221.460333333
345.201666667,231.121666666,221.745666666
345.388333333,231.409666666,221.847
345.575,231.804333333,222.044333333
345.937666667,231.916333333,222.167
346.113666667,232.223,222.265666666
346.292333333,232.537666666,222.540333333
346.633666667,232.673666666,222.649666666
346.817666667,232.953666666,222.839
347.020333333,233.343,222.956333333
347.369666667,233.465666666,223.055
347.543,233.759,223.324333333
347.735,234.159,223.433666666
348.073666667,234.287,223.620333333
348.257666667,234.559,223.743
348.439,234.985666666,223.839
348.788333333,235.164333333,224.119
348.964333333,235.289666666,224.225666666
349.151,235.457666666,224.404333333
349.471,235.577666666,224.511
349.655,235.751,224.617666666
349.855,235.865666666,224.887
350.199,236.164333333,224.988333333
350.383,236.260333333,225.167
350.559,236.367,225.289666666
350.892333333,236.460333333,225.388333333
351.081666667,236.551,225.660333333
351.287,236.663,225.761666666
351.687,236.937666666,225.943
351.873666667,237.041666666,226.057666666
352.663,237.153666666,226.159
,237.244333333,226.431
,237.337666666,226.537666666
,237.447,226.721666666
,237.732333333,226.852333333
,237.847,226.956333333
,237.945666666,227.244333333
,238.036333333,227.340333333
,238.127,227.516333333
,238.239,227.625666666
,238.521666666,227.732333333
,238.625666666,227.996333333
,238.737666666,228.097666666
,238.828333333,228.289666666
,238.919,228.401666666
,239.020333333,228.508333333
,239.311,228.791
,239.412333333,228.895
,239.524333333,229.060333333
,239.612333333,229.172333333
,239.705666666,229.279
,239.815,229.545666666
,240.089666666,229.647
,240.191,229.831
,240.305666666,229.964333333
,240.391,230.052333333
,240.487,230.335
,240.588333333,230.441666666
,240.884333333,230.601666666
,240.991,230.713666666
,241.260333333,230.815
,241.393666666,231.092333333
,241.671,231.183
,241.788333333,231.385666666
,242.049666666,231.500333333
,242.191,231.601666666
,242.463,231.889666666
,242.868333333,231.993666666
,243.009666666,232.175
,243.276333333,232.300333333
,243.668333333,232.401666666
,243.788333333,232.679
,244.068333333,232.777666666
,244.476333333,232.961666666
,244.593666666,233.084333333
,244.863,233.180333333
,244.927,233.452333333
,245.252333333,233.548333333
,245.380333333,233.729666666
,245.663,233.852333333
,245.724333333,233.953666666
,246.076333333,234.233666666
,246.164333333,234.337666666
,246.268333333,234.524333333
,246.367,234.657666666
,246.468333333,234.759
,246.556333333,235.055
,246.649666666,235.164333333
,246.737666666,235.340333333
,246.831,235.455
,246.953666666,235.572333333
,247.223,235.857666666
,247.628333333,235.953666666
,247.727,236.140333333
,247.825666666,236.260333333
,247.921666666,236.369666666
,248.020333333,236.660333333
,248.116333333,236.769666666
,248.220333333,236.937666666
,248.313666666,237.057666666
,248.404333333,237.167
,248.500333333,237.455
,248.772333333,237.543
,249.201666666,237.735
,249.311,237.855
,249.593666666,237.956333333
,249.809666666,238.239
,249.881666666,238.337666666
,249.980333333,238.511
,250.084333333,238.633666666
,250.359,238.737666666
,250.745666666,239.017666666
,250.852333333,239.121666666
,251.127,239.300333333
,251.367,239.423
,251.455,239.527
,251.543,239.809666666
,251.655,239.905666666
,251.919,240.089666666
,252.327,240.209666666
,252.431,240.305666666
,252.713666666,240.583
,252.929666666,240.692333333
,253.009666666,240.865666666
,253.111,240.993666666
,253.209666666,241.095
,253.497666666,241.391
,253.905666666,241.492333333
,254.097666666,241.671
,254.217666666,241.793666666
,254.391,241.903
,254.508333333,242.177666666
,254.671,242.281666666
,254.791,242.468333333
,255.092333333,242.591
,255.508333333,242.697666666
,255.601666666,242.972333333
,255.695,243.081666666
,255.785666666,243.257666666
,255.881666666,243.385666666
,255.972333333,243.497666666
,256.071,243.772333333
,256.151,243.881666666
,256.255,244.057666666
,256.345666666,244.185666666
,256.660333333,244.297666666
,257.105666666,244.575
,257.297666666,244.695
,257.407,244.860333333
,257.561666666,244.988333333
,257.676333333,245.100333333
,257.836333333,245.375
,257.945666666,245.487
,258.236333333,245.663
,258.644333333,245.788333333
,258.748333333,245.903
,258.844333333,246.180333333
,258.932333333,246.284333333
,259.031,246.460333333
,259.124333333,246.577666666
,259.220333333,246.684333333
,259.313666666,246.945666666
,259.415,247.055
,259.524333333,247.231
,259.820333333,247.359
,260.239,247.463
,260.327,247.735
,260.615,247.844333333
,260.833666666,248.012333333
,260.911,248.140333333
,261.007,248.244333333
,261.113666666,248.508333333
,261.383,248.617666666
,261.796333333,248.791
,261.903,248.919
,262.199,249.017666666
,262.407,249.292333333
,262.479,249.399
,262.591,249.564333333
,262.697666666,249.684333333
,262.975,249.793666666
,263.388333333,250.055
,263.516333333,250.164333333
,263.793666666,250.343
,264.199,250.471
,264.308333333,250.569666666
,264.596333333,250.849666666
,265.004333333,250.956333333
,265.116333333,251.124333333
,265.393666666,251.244333333
,265.783,251.361666666
,265.884333333,251.623
,266.167,251.735
,266.583,251.908333333
,266.692333333,252.036333333
,266.961666666,252.140333333
,267.348333333,252.417666666
,267.460333333,252.524333333
,267.724333333,252.695
,268.121666666,252.823
,268.241666666,252.932333333
,268.497666666,253.207
,268.887,253.313666666
,268.996333333,253.497666666
,269.279,253.633666666
,269.679,253.735
,269.791,254.025666666
,270.065666666,254.119
,270.468333333,254.303
,270.575,254.409666666
,270.831,254.519
,271.236333333,254.804333333
,271.343,254.897666666
,271.628333333,255.076333333
,272.017666666,255.188333333
,272.127,255.311
,272.399,255.604333333
,272.793666666,255.692333333
,272.908333333,255.868333333
,273.167,255.999
,273.561666666,256.116333333
,273.671,256.401666666
,273.972333333,256.492333333
,274.183,256.684333333
,274.364333333,256.807
,274.561666666,256.903
,274.756333333,257.199
,274.948333333,257.292333333
,275.031,257.473666666
,275.135,257.599
,275.244333333,257.695
,275.521666666,257.977666666
,275.929666666,258.060333333
,276.121666666,258.257666666
,276.239,258.385666666
,276.396333333,258.471
,276.519,258.761666666
,276.676333333,258.873666666
,276.791,259.036333333
,277.087,259.156333333
,277.183,259.263
,277.479,259.540333333
,277.569666666,259.625666666
,277.671,259.809666666
,277.761666666,259.929666666
,277.863,260.036333333
,277.959,260.311
,278.060333333,260.407
,278.153666666,260.593666666
,278.244333333,260.716333333
,278.348333333,260.817666666
,278.655,261.100333333
,279.047,261.193666666
,279.148333333,261.388333333
,279.423,261.513666666
,279.639,261.612333333
,279.705666666,261.900333333
,279.812333333,262.004333333
,279.913666666,262.175
,280.188333333,262.295
,280.593666666,262.407
,280.700333333,262.697666666
,280.977666666,262.780333333
,281.193666666,262.980333333
,281.271,263.097666666
,281.367,263.215
,281.473666666,263.513666666
,281.751,263.604333333
,282.172333333,263.785666666
,282.364333333,263.911
,282.487,264.004333333
,282.649666666,264.297666666
,282.772333333,264.391
,282.943,264.577666666
,283.057666666,264.716333333
,283.225666666,264.804333333
,283.321666666,265.097666666
,283.420333333,265.199
,283.505666666,265.385666666
,283.604333333,265.511
,283.695,265.617666666
,283.799,265.900333333
,283.897666666,265.996333333
,283.996333333,266.175
,284.087,266.297666666
,284.191,266.396333333
,284.284333333,266.687
,284.377666666,266.780333333
,284.473666666,266.959
,284.583,267.079
,284.873666666,267.180333333
,285.271,267.465666666
,285.361666666,267.569666666
,285.460333333,267.748333333
,285.559,267.873666666
,285.649666666,267.956333333
,285.743,268.247
,285.844333333,268.351
,285.940333333,268.516333333
,286.047,268.636333333
,286.135,268.735
,286.428333333,269.017666666
,286.521666666,269.103
,286.617666666,269.292333333
,286.724333333,269.407
,286.812333333,269.508333333
,286.911,269.785666666
,287.004333333,269.881666666
,287.100333333,270.057666666
,287.199,270.172333333
,287.300333333,270.268333333
,287.393666666,270.540333333
,287.484333333,270.636333333
,287.591,270.828333333
,287.700333333,270.940333333
,288.183,271.052333333
,288.276333333,271.332333333
,288.372333333,271.436333333
,288.476333333,271.617666666
,288.580333333,271.732333333
,288.676333333,271.839
,288.761666666,272.116333333
,288.863,272.215
,288.959,272.396333333
,289.044333333,272.524333333
,289.140333333,272.617666666
,289.233666666,272.900333333
,289.545666666,272.999
,289.761666666,273.169666666
,289.943,273.289666666
,290.124333333,273.393666666
,290.239,273.673666666
,290.399,273.772333333
,290.519,273.951
,290.679,274.076333333
,290.783,274.172333333
,291.076333333,274.457666666
,291.297666666,274.559
,291.481666666,274.735
,291.588333333,274.852333333
,291.865666666,274.956333333
,292.068333333,275.236333333
,292.148333333,275.329666666
,292.241666666,275.521666666
,292.340333333,275.641666666
,292.607,275.745666666
,293.007,276.020333333
,293.103,276.113666666
,293.380333333,276.303
,293.580333333,276.423
,293.655,276.529666666
,293.753666666,276.817666666
,293.852333333,276.913666666
,294.119,277.089666666
,294.508333333,277.209666666
,294.689666666,277.305666666
,294.801666666,277.588333333
,294.964333333,277.684333333
,295.073666666,277.860333333
,295.231,277.972333333
,295.343,278.079
,295.639,278.348333333
,295.977666666,278.471
,296.065666666,278.631
,296.156333333,278.748333333
,296.247,278.860333333
,296.343,279.127
,296.431,279.225666666
,296.524333333,279.409666666
,296.615,279.527
,296.708333333,279.633666666
,296.796333333,279.905666666
,297.068333333,280.015
,297.431,280.193666666
,297.609666666,280.311
,297.727,280.417666666
,297.881666666,280.711
,297.996333333,280.807
,298.145666666,280.975
,298.241666666,281.095
,298.527,281.207
,298.924333333,281.460333333
,299.031,281.572333333
,299.303,281.748333333
,299.508333333,281.871
,299.588333333,281.972333333
,299.681666666,282.244333333
,299.780333333,282.348333333
,300.044333333,282.524333333
,300.404333333,282.641666666
,300.503,282.751
,300.769666666,283.017666666
,300.980333333,283.132333333
,301.052333333,283.319
,301.151,283.447
,301.247,283.543
,301.513666666,283.825666666
,301.881666666,283.929666666
,301.988333333,284.092333333
,302.255,284.207
,302.447,284.305666666
,302.545666666,284.569666666
,302.636333333,284.668333333
,302.737666666,284.855
,302.988333333,284.983
,303.367,285.084333333
,303.495,285.359
,303.745666666,285.463
,303.807,285.639
,304.111,285.751
,304.239,285.863
,304.489666666,286.119
,304.865666666,286.233666666
,304.991,286.423
,305.241666666,286.545666666
,305.617666666,286.644333333
,305.735,286.937666666
,306.007,287.028333333
,306.396333333,287.199
,306.591,287.311
,306.705666666,287.415
,306.857666666,287.692333333
,306.967,287.791
,307.121666666,287.972333333
,307.223,288.103
,307.503,288.196333333
,307.857666666,288.489666666
,307.940333333,288.575
,308.031,288.751
,308.119,288.865666666
,308.204333333,288.975
,308.289666666,289.252333333
,308.375,289.351
,308.460333333,289.529666666
,308.543,289.652333333
,308.623,289.751
,308.897666666,290.039
,309.287,290.127
,309.468333333,290.313666666
,309.588333333,290.431
,309.737666666,290.532333333
,309.855,290.825666666
,310.009666666,290.924333333
,310.111,291.089666666
,310.396333333,291.209666666
,310.745666666,291.305666666
,310.844333333,291.575
,311.111,291.665666666
,311.311,291.836333333
,311.393666666,291.956333333
,311.487,292.055
,311.588333333,292.337666666
,311.847,292.431
,312.241666666,292.609666666
,312.345666666,292.732333333
,312.607,292.823
,312.807,293.100333333
,312.881666666,293.191
,312.983,293.367
,313.079,293.489666666
,313.364333333,293.583
,313.468333333,293.857666666
,313.572333333,293.945666666
,313.660333333,294.124333333
,313.745666666,294.252333333
,313.849666666,294.345666666
,314.137666666,294.620333333
,314.241666666,294.708333333
,314.351,294.881666666
,314.436333333,294.991
,314.521666666,295.089666666
,314.625666666,295.364333333
,314.903,295.455
,315.007,295.636333333
,315.108333333,295.748333333
,315.193666666,295.839
,315.281666666,296.100333333
,315.380333333,296.183
,315.655,296.353666666
,315.745666666,296.449666666
,315.860333333,296.553666666
,315.943,296.812333333
,316.044333333,296.900333333
,316.137666666,297.071
,316.436333333,297.180333333
,316.625666666,297.276333333
,316.735,297.532333333
,316.900333333,297.639
,317.012333333,297.785666666
,317.183,297.895
,317.279,297.991
,317.377666666,298.249666666
,317.556333333,298.345666666
,317.660333333,298.519
,317.937666666,298.628333333
,318.340333333,298.724333333
,318.521666666,298.999
,318.639,299.100333333
,318.807,299.271
,318.924333333,299.380333333
,319.087,299.479
,319.201666666,299.745666666
,319.489666666,299.841666666
,319.695,300.020333333
,319.889666666,300.145666666
,319.985666666,300.228333333
,320.260333333,300.495
,320.468333333,300.596333333
,320.540333333,300.759
,320.636333333,300.868333333
,320.740333333,300.964333333
,321.020333333,301.223
,321.412333333,301.311
,321.513666666,301.508333333
,321.791,301.623
,322.015,301.713666666
,322.103,301.977666666
,322.191,302.076333333
,322.295,302.241666666
,322.569666666,302.353666666
,322.985666666,302.449666666
,323.185666666,302.713666666
,323.300333333,302.804333333
,323.457666666,302.983
,323.577666666,303.103
,323.737666666,303.193666666
,323.855,303.468333333
,324.151,303.564333333
,324.513666666,303.727
,324.607,303.841666666
,324.703,303.935
,324.793666666,304.201666666
,324.895,304.297666666
,324.985666666,304.473666666
,325.076333333,304.593666666
,325.164333333,304.689666666
,325.260333333,304.959
,325.383,305.055
,325.815,305.225666666
,325.908333333,305.337666666
,326.004333333,305.441666666
,326.108333333,305.705666666
,326.217666666,305.801666666
,326.311,305.991
,326.401666666,306.111
,326.497666666,306.204333333
,326.591,306.476333333
,326.676333333,306.577666666
,326.775,306.748333333
,326.879,306.868333333
,327.175,306.961666666
,327.287,307.225666666
,327.372333333,307.348333333
,327.567,307.500333333
,327.657666666,307.609666666
,327.759,307.687
,327.849666666,307.943
,327.940333333,308.047
,328.031,308.204333333
,328.124333333,308.308333333
,328.209666666,308.407
,328.297666666,308.657666666
,328.391,308.759
,328.684333333,308.919
,329.103,309.033666666
,329.289666666,309.119
,329.407,309.375
,329.569666666,309.476333333
,329.681666666,309.636333333
,329.847,309.748333333
,329.945666666,309.839
,330.244333333,310.105666666
,330.649666666,310.207
,330.748333333,310.375
,331.023,310.492333333
,331.233666666,310.588333333
,331.313666666,310.844333333
,331.412333333,310.937666666
,331.516333333,311.097666666
,331.799,311.201666666
,331.892333333,311.303
,332.004333333,311.561666666
,332.087,311.644333333
,332.180333333,311.833666666
,332.281666666,311.956333333
,332.556333333,312.041666666
,332.660333333,312.324333333
,332.777666666,312.425666666
,332.865666666,312.593666666
,332.956333333,312.708333333
,333.057666666,312.817666666
,333.329666666,313.084333333
,333.423,313.180333333
,333.535,313.356333333
,333.620333333,313.468333333
,333.719,313.569666666
,333.812333333,313.836333333
,334.100333333,313.943
,334.193666666,314.108333333
,334.305666666,314.209666666
,334.388333333,314.319
,334.487,314.593666666
,334.583,314.697666666
,334.855,314.879
,334.948333333,315.001666666
,335.057666666,315.092333333
,335.140333333,315.367
,335.244333333,315.473666666
,335.340333333,315.641666666
,335.615,315.751
,335.708333333,315.844333333
,335.825666666,316.127
,335.905666666,316.223
,336.009666666,316.409666666
,336.105666666,316.521666666
,336.385666666,316.625666666
,336.476333333,316.903
,336.585666666,316.999
,336.668333333,317.177666666
,336.772333333,317.295
,336.860333333,317.391
,337.356333333,317.657666666
,337.444333333,317.753666666
,337.532333333,317.935
,337.636333333,318.055
,337.905666666,318.151
,337.996333333,318.431
,338.097666666,318.535
,338.188333333,318.705666666
,338.289666666,318.815
,338.388333333,318.921666666
,338.500333333,319.204333333
,339.081666666,319.308333333
,339.175,319.489666666
,339.263,319.596333333
,339.353666666,319.700333333
,339.447,319.975
,339.540333333,320.081666666
,339.633666666,320.244333333
,339.721666666,320.356333333
,339.815,320.457666666
,339.900333333,320.740333333
,339.996333333,320.831
,340.948333333,321.012333333
,341.340333333,321.132333333
,341.495,321.241666666
,342.455,321.527
,342.543,321.615
,342.639,321.788333333
,342.727,321.905666666
,342.820333333,322.007
,342.908333333,322.300333333
,343.009666666,322.375
,343.095,322.575
,343.191,322.695
,343.276333333,322.799
,343.372333333,323.073666666
,343.457666666,323.169666666
,343.553666666,323.351
,343.647,323.463
,343.740333333,323.561666666
,343.828333333,323.836333333
,343.921666666,323.937666666
,344.012333333,324.124333333
,344.108333333,324.244333333
,344.199,324.335
,344.289666666,324.617666666
,344.377666666,324.719
,344.468333333,324.887
,344.553666666,324.993666666
,344.649666666,325.097666666
,344.740333333,325.369666666
,344.839,325.463
,344.924333333,325.644333333
,345.009666666,325.769666666
,345.105666666,325.868333333
,345.191,326.145666666
,345.276333333,326.239
,345.372333333,326.409666666
,345.460333333,326.516333333
,345.556333333,326.607
,345.639,326.871
,345.732333333,326.961666666
,345.817666666,327.151
,345.913666666,327.271
,345.993666666,327.364333333
,346.089666666,327.649666666
,346.175,327.748333333
,346.273666666,327.929666666
,346.353666666,328.039
,346.444333333,328.140333333
,346.535,328.404333333
,346.625666666,328.492333333
,346.708333333,328.681666666
,346.804333333,328.801666666
,346.889666666,328.900333333
,346.985666666,329.169666666
,347.065666666,329.271
,347.159,329.449666666
,347.247,329.567
,347.340333333,329.665666666
,347.423,329.937666666
,347.513666666,330.031
,347.599,330.220333333
,347.692333333,330.345666666
,347.767,330.436333333
,347.868333333,330.716333333
,347.953666666,330.815
,348.047,330.993666666
,348.132333333,331.108333333
,348.228333333,331.217666666
,348.316333333,331.497666666
,348.404333333,331.591
,348.489666666,331.783
,348.583,331.897666666
,348.671,331.999
,348.767,332.273666666
,348.847,332.364333333
,348.943,332.551
,349.025666666,332.660333333
,349.129666666,332.759
,349.204333333,333.036333333
,349.297666666,333.137666666
,349.383,333.319
,349.476333333,333.431
,349.559,333.532333333
,349.652333333,333.812333333
,349.735,333.908333333
,349.825666666,334.073666666
,349.908333333,334.191
,350.001666666,334.287
,350.087,334.561666666
,350.183,334.655
,350.263,334.841666666
,350.364333333,334.953666666
,350.444333333,335.063
,350.540333333,335.343
,350.617666666,335.436333333
,350.713666666,335.612333333
,350.801666666,335.727
,351.073666666,335.839
,351.271,336.097666666
,351.457666666,336.193666666
,351.652333333,336.372333333
,351.844333333,336.492333333
,352.036333333,336.591
,352.121666666,336.860333333
,352.220333333,336.961666666
,352.324333333,337.132333333
,,337.244333333
,,337.348333333
,,337.615
,,337.719
,,337.892333333
,,338.009666666
,,338.103
,,338.383
,,338.473666666
,,338.649666666
,,338.753666666
,,338.865666666
,,339.145666666
,,339.236333333
,,339.431
,,339.543
,,339.647
,,339.900333333
,,339.993666666
,,340.169666666
,,340.273666666
,,340.369666666
,,340.639
,,340.743
,,340.927
,,341.036333333
,,341.143
,,341.399
,,341.492333333
,,341.671
,,341.777666666
,,341.884333333
,,342.161666666
,,342.260333333
,,342.447
,,342.553666666
,,342.655
,,342.911
,,343.001666666
,,343.164333333
,,343.263
,,343.372333333
,,343.641666666
,,343.727
,,343.916333333
,,344.020333333
,,344.119
,,344.372333333
,,344.457666666
,,344.633666666
,,344.735
,,344.833666666
,,345.089666666
,,345.175
,,345.353666666
,,345.460333333
,,345.556333333
,,345.812333333
,,345.897666666
,,346.065666666
,,346.177666666
,,346.271
,,346.527
,,346.620333333
,,346.793666666
,,346.905666666
,,346.999
,,347.252333333
,,347.343
,,347.513666666
,,347.612333333
,,347.716333333
,,347.956333333
,,348.049666666
,,348.217666666
,,348.324333333
,,348.412333333
,,348.657666666
,,348.745666666
,,348.903
,,349.012333333
,,349.113666666
,,349.369666666
,,349.444333333
,,349.633666666
,,349.751
,,349.844333333
,,350.087
,,350.172333333
,,350.332333333
,,350.441666666
,,350.540333333
,,350.793666666
,,350.879
,,351.055
,,351.159
,,351.257666666
,,351.519
,,351.615
,,351.793666666
,,351.895
,,352.004333333
,,352.281666666
,,352.599
